
CREATE TABLE IF NOT EXISTS `states` (
  `id` INTEGER PRIMARY KEY AUTOINCREMENT,
  `name` TEXT NOT NULL,
  `iso` TEXT NOT NULL
);

CREATE TABLE IF NOT EXISTS `municipalities` (
  `id` INTEGER PRIMARY KEY AUTOINCREMENT,
  `name` TEXT NOT NULL,
  `state_id` INTEGER NOT NULL,
  FOREIGN KEY (`state_id`) REFERENCES `states` (`id`)
);

CREATE TABLE IF NOT EXISTS `parishes` (
  `id` INTEGER PRIMARY KEY AUTOINCREMENT,
  `name` TEXT NOT NULL,
  `municipality_id` INTEGER NOT NULL,
  FOREIGN KEY (`municipality_id`) REFERENCES `municipalities` (`id`)
);

CREATE TABLE IF NOT EXISTS `cities` (
  `id` INTEGER PRIMARY KEY AUTOINCREMENT,
  `name` TEXT NOT NULL,
  `is_capital` INTEGER NOT NULL DEFAULT 0,
  `state_id` INTEGER NOT NULL,
  FOREIGN KEY (`state_id`) REFERENCES `states` (`id`)
);

INSERT INTO `states` (`id`, `name`, `iso`) VALUES (1, 'Distrito Capital', 'VE-A');
INSERT INTO `states` (`id`, `name`, `iso`) VALUES (2, 'Amazonas', 'VE-Z');
INSERT INTO `states` (`id`, `name`, `iso`) VALUES (3, 'Anzoategui', 'VE-B');
INSERT INTO `states` (`id`, `name`, `iso`) VALUES (4, 'Apure', 'VE-C');
INSERT INTO `states` (`id`, `name`, `iso`) VALUES (5, 'Aragua', 'VE-D');
INSERT INTO `states` (`id`, `name`, `iso`) VALUES (6, 'Barinas', 'VE-E');
INSERT INTO `states` (`id`, `name`, `iso`) VALUES (7, 'Bolivar', 'VE-F');
INSERT INTO `states` (`id`, `name`, `iso`) VALUES (8, 'Carabobo', 'VE-G');
INSERT INTO `states` (`id`, `name`, `iso`) VALUES (9, 'Cojedes', 'VE-H');
INSERT INTO `states` (`id`, `name`, `iso`) VALUES (10, 'Delta Amacuro', 'VE-Y');
INSERT INTO `states` (`id`, `name`, `iso`) VALUES (11, 'Falcon', 'VE-I');
INSERT INTO `states` (`id`, `name`, `iso`) VALUES (12, 'Guarico', 'VE-J');
INSERT INTO `states` (`id`, `name`, `iso`) VALUES (13, 'Lara', 'VE-K');
INSERT INTO `states` (`id`, `name`, `iso`) VALUES (14, 'Merida', 'VE-L');
INSERT INTO `states` (`id`, `name`, `iso`) VALUES (15, 'Bolivariano De Miranda', 'VE-M');
INSERT INTO `states` (`id`, `name`, `iso`) VALUES (16, 'Monagas', 'VE-N');
INSERT INTO `states` (`id`, `name`, `iso`) VALUES (17, 'Nueva Esparta', 'VE-O');
INSERT INTO `states` (`id`, `name`, `iso`) VALUES (18, 'Portuguesa', 'VE-P');
INSERT INTO `states` (`id`, `name`, `iso`) VALUES (19, 'Sucre', 'VE-R');
INSERT INTO `states` (`id`, `name`, `iso`) VALUES (20, 'Tachira', 'VE-S');
INSERT INTO `states` (`id`, `name`, `iso`) VALUES (21, 'Trujillo', 'VE-T');
INSERT INTO `states` (`id`, `name`, `iso`) VALUES (22, 'Yaracuy', 'VE-U');
INSERT INTO `states` (`id`, `name`, `iso`) VALUES (23, 'Zulia', 'VE-V');
INSERT INTO `states` (`id`, `name`, `iso`) VALUES (24, 'La Guaira', 'VE-X');
INSERT INTO `states` (`id`, `name`, `iso`) VALUES (25, 'Dependencias Federales', 'VE-W');
INSERT INTO `cities` (`id`, `name`, `is_capital`, `state_id`) VALUES (1, 'Caracas', 1, 1);
INSERT INTO `cities` (`id`, `name`, `is_capital`, `state_id`) VALUES (2, 'Valencia', 1, 8);
INSERT INTO `cities` (`id`, `name`, `is_capital`, `state_id`) VALUES (3, 'Maracaibo', 1, 23);
INSERT INTO `cities` (`id`, `name`, `is_capital`, `state_id`) VALUES (4, 'Barquisimeto', 1, 13);
INSERT INTO `cities` (`id`, `name`, `is_capital`, `state_id`) VALUES (5, 'Maturín', 1, 16);
INSERT INTO `cities` (`id`, `name`, `is_capital`, `state_id`) VALUES (6, 'Maracay', 1, 5);
INSERT INTO `cities` (`id`, `name`, `is_capital`, `state_id`) VALUES (7, 'Barcelona', 1, 3);
INSERT INTO `cities` (`id`, `name`, `is_capital`, `state_id`) VALUES (8, 'Barinas', 1, 6);
INSERT INTO `cities` (`id`, `name`, `is_capital`, `state_id`) VALUES (9, 'Cumaná', 1, 19);
INSERT INTO `cities` (`id`, `name`, `is_capital`, `state_id`) VALUES (10, 'San Cristóbal', 1, 20);
INSERT INTO `cities` (`id`, `name`, `is_capital`, `state_id`) VALUES (11, 'Ciudad Bolívar', 1, 7);
INSERT INTO `cities` (`id`, `name`, `is_capital`, `state_id`) VALUES (12, 'Los Teques', 1, 15);
INSERT INTO `cities` (`id`, `name`, `is_capital`, `state_id`) VALUES (13, 'Mérida', 1, 14);
INSERT INTO `cities` (`id`, `name`, `is_capital`, `state_id`) VALUES (14, 'Coro', 1, 11);
INSERT INTO `cities` (`id`, `name`, `is_capital`, `state_id`) VALUES (15, 'Guanare', 1, 18);
INSERT INTO `cities` (`id`, `name`, `is_capital`, `state_id`) VALUES (16, 'San Fernando de Apure', 1, 4);
INSERT INTO `cities` (`id`, `name`, `is_capital`, `state_id`) VALUES (17, 'San Felipe', 1, 22);
INSERT INTO `cities` (`id`, `name`, `is_capital`, `state_id`) VALUES (18, 'San Juan de los Morros', 1, 12);
INSERT INTO `cities` (`id`, `name`, `is_capital`, `state_id`) VALUES (19, 'San Carlos', 1, 9);
INSERT INTO `cities` (`id`, `name`, `is_capital`, `state_id`) VALUES (20, 'Puerto Ayacucho', 1, 3);
INSERT INTO `cities` (`id`, `name`, `is_capital`, `state_id`) VALUES (21, 'Tucupita', 1, 10);
INSERT INTO `cities` (`id`, `name`, `is_capital`, `state_id`) VALUES (22, 'Trujillo', 1, 21);
INSERT INTO `cities` (`id`, `name`, `is_capital`, `state_id`) VALUES (23, 'La Asunción', 1, 17);
INSERT INTO `cities` (`id`, `name`, `is_capital`, `state_id`) VALUES (24, 'La Guaira', 1, 24);
INSERT INTO `cities` (`id`, `name`, `is_capital`, `state_id`) VALUES (25, 'Gran Roque', 1, 25);
INSERT INTO `cities` (`id`, `name`, `is_capital`, `state_id`) VALUES (26, 'Archipiélago Los Monjes', 0, 25);
INSERT INTO `cities` (`id`, `name`, `is_capital`, `state_id`) VALUES (27, 'Isla la Tortuga y Cayos adyacentes', 0, 25);
INSERT INTO `cities` (`id`, `name`, `is_capital`, `state_id`) VALUES (28, 'Isla La Sola', 0, 25);
INSERT INTO `cities` (`id`, `name`, `is_capital`, `state_id`) VALUES (29, 'Islas Los Testigos', 0, 25);
INSERT INTO `cities` (`id`, `name`, `is_capital`, `state_id`) VALUES (30, 'Islas los Frailes', 0, 25);
INSERT INTO `cities` (`id`, `name`, `is_capital`, `state_id`) VALUES (31, 'Isla de Patos', 0, 25);
INSERT INTO `cities` (`id`, `name`, `is_capital`, `state_id`) VALUES (32, 'Archipiélago Los Roques', 0, 25);
INSERT INTO `cities` (`id`, `name`, `is_capital`, `state_id`) VALUES (33, 'Isla La Blanquilla', 0, 25);
INSERT INTO `cities` (`id`, `name`, `is_capital`, `state_id`) VALUES (34, 'Islas Los Hermanos', 0, 25);
INSERT INTO `cities` (`id`, `name`, `is_capital`, `state_id`) VALUES (35, 'Isla La Orchila', 0, 25);
INSERT INTO `cities` (`id`, `name`, `is_capital`, `state_id`) VALUES (36, 'Archipiélago Las Aves', 0, 25);
INSERT INTO `cities` (`id`, `name`, `is_capital`, `state_id`) VALUES (37, 'Isla de Aves', 0, 25);
INSERT INTO `municipalities` (`id`, `name`, `state_id`) VALUES (1, 'Libertador', 1);
INSERT INTO `municipalities` (`id`, `name`, `state_id`) VALUES (2, 'Autonomo Atabapo', 2);
INSERT INTO `municipalities` (`id`, `name`, `state_id`) VALUES (3, 'Autonomo Rio Negro', 2);
INSERT INTO `municipalities` (`id`, `name`, `state_id`) VALUES (4, 'Autonomo Atures', 2);
INSERT INTO `municipalities` (`id`, `name`, `state_id`) VALUES (5, 'Autonomo Autana', 2);
INSERT INTO `municipalities` (`id`, `name`, `state_id`) VALUES (6, 'Autonomo Maroa', 2);
INSERT INTO `municipalities` (`id`, `name`, `state_id`) VALUES (7, 'Autonomo Alto Orinoco', 2);
INSERT INTO `municipalities` (`id`, `name`, `state_id`) VALUES (8, 'Autonomo Manapiare', 2);
INSERT INTO `municipalities` (`id`, `name`, `state_id`) VALUES (9, 'Santa Ana', 3);
INSERT INTO `municipalities` (`id`, `name`, `state_id`) VALUES (10, 'Francisco De Miranda', 3);
INSERT INTO `municipalities` (`id`, `name`, `state_id`) VALUES (11, 'Simon Bolivar', 3);
INSERT INTO `municipalities` (`id`, `name`, `state_id`) VALUES (12, 'Sir Arthur Mc Gregor', 3);
INSERT INTO `municipalities` (`id`, `name`, `state_id`) VALUES (13, 'Juan Antonio Sotillo', 3);
INSERT INTO `municipalities` (`id`, `name`, `state_id`) VALUES (14, 'Francisco Del Carmen Carvajal', 3);
INSERT INTO `municipalities` (`id`, `name`, `state_id`) VALUES (15, 'Libertad', 3);
INSERT INTO `municipalities` (`id`, `name`, `state_id`) VALUES (16, 'Aragua', 3);
INSERT INTO `municipalities` (`id`, `name`, `state_id`) VALUES (17, 'Fernando De Penalver', 3);
INSERT INTO `municipalities` (`id`, `name`, `state_id`) VALUES (18, 'San Juan De Capistrano', 3);
INSERT INTO `municipalities` (`id`, `name`, `state_id`) VALUES (19, 'Anaco', 3);
INSERT INTO `municipalities` (`id`, `name`, `state_id`) VALUES (20, 'Juan Manuel Cajigal', 3);
INSERT INTO `municipalities` (`id`, `name`, `state_id`) VALUES (21, 'Independencia', 3);
INSERT INTO `municipalities` (`id`, `name`, `state_id`) VALUES (22, 'Pedro Maria Freites', 3);
INSERT INTO `municipalities` (`id`, `name`, `state_id`) VALUES (23, 'Piritu', 3);
INSERT INTO `municipalities` (`id`, `name`, `state_id`) VALUES (24, 'San Jose De Guanipa', 3);
INSERT INTO `municipalities` (`id`, `name`, `state_id`) VALUES (25, 'Turistico Diego Bautista Urbaneja', 3);
INSERT INTO `municipalities` (`id`, `name`, `state_id`) VALUES (26, 'Manuel Ezequiel Bruzual', 3);
INSERT INTO `municipalities` (`id`, `name`, `state_id`) VALUES (27, 'Guanta', 3);
INSERT INTO `municipalities` (`id`, `name`, `state_id`) VALUES (28, 'Simon Rodriguez', 3);
INSERT INTO `municipalities` (`id`, `name`, `state_id`) VALUES (29, 'Jose Gregorio Monagas', 3);
INSERT INTO `municipalities` (`id`, `name`, `state_id`) VALUES (30, 'Achaguas', 4);
INSERT INTO `municipalities` (`id`, `name`, `state_id`) VALUES (31, 'Biruaca', 4);
INSERT INTO `municipalities` (`id`, `name`, `state_id`) VALUES (32, 'Paez', 4);
INSERT INTO `municipalities` (`id`, `name`, `state_id`) VALUES (33, 'Muñoz', 4);
INSERT INTO `municipalities` (`id`, `name`, `state_id`) VALUES (34, 'Romulo Gallegos', 4);
INSERT INTO `municipalities` (`id`, `name`, `state_id`) VALUES (35, 'San Fernando', 4);
INSERT INTO `municipalities` (`id`, `name`, `state_id`) VALUES (36, 'Pedro Camejo', 4);
INSERT INTO `municipalities` (`id`, `name`, `state_id`) VALUES (37, 'Zamora', 5);
INSERT INTO `municipalities` (`id`, `name`, `state_id`) VALUES (38, 'Ocumare De La Costa De Oro', 5);
INSERT INTO `municipalities` (`id`, `name`, `state_id`) VALUES (39, 'Jose Felix Ribas', 5);
INSERT INTO `municipalities` (`id`, `name`, `state_id`) VALUES (40, 'San Casimiro', 5);
INSERT INTO `municipalities` (`id`, `name`, `state_id`) VALUES (41, 'Santiago Mariño', 5);
INSERT INTO `municipalities` (`id`, `name`, `state_id`) VALUES (42, 'Girardot', 5);
INSERT INTO `municipalities` (`id`, `name`, `state_id`) VALUES (43, 'Sucre', 5);
INSERT INTO `municipalities` (`id`, `name`, `state_id`) VALUES (44, 'Urdaneta', 5);
INSERT INTO `municipalities` (`id`, `name`, `state_id`) VALUES (45, 'Francisco Linares Alcantara', 5);
INSERT INTO `municipalities` (`id`, `name`, `state_id`) VALUES (46, 'Jose Rafael Revenga', 5);
INSERT INTO `municipalities` (`id`, `name`, `state_id`) VALUES (47, 'Santos Michelena', 5);
INSERT INTO `municipalities` (`id`, `name`, `state_id`) VALUES (48, 'Bolivar', 5);
INSERT INTO `municipalities` (`id`, `name`, `state_id`) VALUES (49, 'San Sebastian', 5);
INSERT INTO `municipalities` (`id`, `name`, `state_id`) VALUES (50, 'Tovar', 5);
INSERT INTO `municipalities` (`id`, `name`, `state_id`) VALUES (51, 'Libertador', 5);
INSERT INTO `municipalities` (`id`, `name`, `state_id`) VALUES (52, 'Mario Briceño Iragorry', 5);
INSERT INTO `municipalities` (`id`, `name`, `state_id`) VALUES (53, 'Jose Angel Lamas', 5);
INSERT INTO `municipalities` (`id`, `name`, `state_id`) VALUES (54, 'Camatagua', 5);
INSERT INTO `municipalities` (`id`, `name`, `state_id`) VALUES (55, 'Andre Eloy Blanco', 6);
INSERT INTO `municipalities` (`id`, `name`, `state_id`) VALUES (56, 'Ezequiel Zamora', 6);
INSERT INTO `municipalities` (`id`, `name`, `state_id`) VALUES (57, 'Antonio Jose De Sucre', 6);
INSERT INTO `municipalities` (`id`, `name`, `state_id`) VALUES (58, 'Barinas', 6);
INSERT INTO `municipalities` (`id`, `name`, `state_id`) VALUES (59, 'Rojas', 6);
INSERT INTO `municipalities` (`id`, `name`, `state_id`) VALUES (60, 'Sosa', 6);
INSERT INTO `municipalities` (`id`, `name`, `state_id`) VALUES (61, 'Arismendi', 6);
INSERT INTO `municipalities` (`id`, `name`, `state_id`) VALUES (62, 'Cruz Paredes', 6);
INSERT INTO `municipalities` (`id`, `name`, `state_id`) VALUES (63, 'Pedraza', 6);
INSERT INTO `municipalities` (`id`, `name`, `state_id`) VALUES (64, 'Obispos', 6);
INSERT INTO `municipalities` (`id`, `name`, `state_id`) VALUES (65, 'Alberto Arvelo Torrealba', 6);
INSERT INTO `municipalities` (`id`, `name`, `state_id`) VALUES (66, 'Bolivar', 6);
INSERT INTO `municipalities` (`id`, `name`, `state_id`) VALUES (67, 'Gran Sabana', 7);
INSERT INTO `municipalities` (`id`, `name`, `state_id`) VALUES (68, 'Heres', 7);
INSERT INTO `municipalities` (`id`, `name`, `state_id`) VALUES (69, 'Sucre', 7);
INSERT INTO `municipalities` (`id`, `name`, `state_id`) VALUES (70, 'Padre Pedro Chien', 7);
INSERT INTO `municipalities` (`id`, `name`, `state_id`) VALUES (71, 'Piar', 7);
INSERT INTO `municipalities` (`id`, `name`, `state_id`) VALUES (72, 'Cedeño', 7);
INSERT INTO `municipalities` (`id`, `name`, `state_id`) VALUES (73, 'Sifontes', 7);
INSERT INTO `municipalities` (`id`, `name`, `state_id`) VALUES (74, 'Roscio', 7);
INSERT INTO `municipalities` (`id`, `name`, `state_id`) VALUES (75, 'El Callao', 7);
INSERT INTO `municipalities` (`id`, `name`, `state_id`) VALUES (76, 'Caroni', 7);
INSERT INTO `municipalities` (`id`, `name`, `state_id`) VALUES (77, 'Bolivariano Angostura', 7);
INSERT INTO `municipalities` (`id`, `name`, `state_id`) VALUES (78, 'Miranda', 8);
INSERT INTO `municipalities` (`id`, `name`, `state_id`) VALUES (79, 'Bejuma', 8);
INSERT INTO `municipalities` (`id`, `name`, `state_id`) VALUES (80, 'San Diego', 8);
INSERT INTO `municipalities` (`id`, `name`, `state_id`) VALUES (81, 'Diego Ibarra', 8);
INSERT INTO `municipalities` (`id`, `name`, `state_id`) VALUES (82, 'Juan Jose Mora', 8);
INSERT INTO `municipalities` (`id`, `name`, `state_id`) VALUES (83, 'Carlos Arvelo', 8);
INSERT INTO `municipalities` (`id`, `name`, `state_id`) VALUES (84, 'Puerto Cabello', 8);
INSERT INTO `municipalities` (`id`, `name`, `state_id`) VALUES (85, 'Naguanagua', 8);
INSERT INTO `municipalities` (`id`, `name`, `state_id`) VALUES (86, 'Valencia', 8);
INSERT INTO `municipalities` (`id`, `name`, `state_id`) VALUES (87, 'Libertador', 8);
INSERT INTO `municipalities` (`id`, `name`, `state_id`) VALUES (88, 'Los Guayos', 8);
INSERT INTO `municipalities` (`id`, `name`, `state_id`) VALUES (89, 'Guacara', 8);
INSERT INTO `municipalities` (`id`, `name`, `state_id`) VALUES (90, 'Montalban', 8);
INSERT INTO `municipalities` (`id`, `name`, `state_id`) VALUES (91, 'San Joaquin', 8);
INSERT INTO `municipalities` (`id`, `name`, `state_id`) VALUES (92, 'Pao De San Juan Bautista', 9);
INSERT INTO `municipalities` (`id`, `name`, `state_id`) VALUES (93, 'Romulo Gallegos', 9);
INSERT INTO `municipalities` (`id`, `name`, `state_id`) VALUES (94, 'Ezequiel Zamora', 9);
INSERT INTO `municipalities` (`id`, `name`, `state_id`) VALUES (95, 'Ricaurte', 9);
INSERT INTO `municipalities` (`id`, `name`, `state_id`) VALUES (96, 'Tinaco', 9);
INSERT INTO `municipalities` (`id`, `name`, `state_id`) VALUES (97, 'Lima Blanco', 9);
INSERT INTO `municipalities` (`id`, `name`, `state_id`) VALUES (98, 'Tinaquillo', 9);
INSERT INTO `municipalities` (`id`, `name`, `state_id`) VALUES (99, 'Anzoategui', 9);
INSERT INTO `municipalities` (`id`, `name`, `state_id`) VALUES (100, 'Girardot', 9);
INSERT INTO `municipalities` (`id`, `name`, `state_id`) VALUES (101, 'Casacoima', 10);
INSERT INTO `municipalities` (`id`, `name`, `state_id`) VALUES (102, 'Pedernales', 10);
INSERT INTO `municipalities` (`id`, `name`, `state_id`) VALUES (103, 'Tucupita', 10);
INSERT INTO `municipalities` (`id`, `name`, `state_id`) VALUES (104, 'Antonio Diaz', 10);
INSERT INTO `municipalities` (`id`, `name`, `state_id`) VALUES (105, 'Dabajuro', 11);
INSERT INTO `municipalities` (`id`, `name`, `state_id`) VALUES (106, 'Democracia', 11);
INSERT INTO `municipalities` (`id`, `name`, `state_id`) VALUES (107, 'Falcon', 11);
INSERT INTO `municipalities` (`id`, `name`, `state_id`) VALUES (108, 'Carirubana', 11);
INSERT INTO `municipalities` (`id`, `name`, `state_id`) VALUES (109, 'Colina', 11);
INSERT INTO `municipalities` (`id`, `name`, `state_id`) VALUES (110, 'Federacion', 11);
INSERT INTO `municipalities` (`id`, `name`, `state_id`) VALUES (111, 'Mauroa', 11);
INSERT INTO `municipalities` (`id`, `name`, `state_id`) VALUES (112, 'Acosta', 11);
INSERT INTO `municipalities` (`id`, `name`, `state_id`) VALUES (113, 'Miranda', 11);
INSERT INTO `municipalities` (`id`, `name`, `state_id`) VALUES (114, 'Monseñor Iturriza', 11);
INSERT INTO `municipalities` (`id`, `name`, `state_id`) VALUES (115, 'Piritu', 11);
INSERT INTO `municipalities` (`id`, `name`, `state_id`) VALUES (116, 'Palmasola', 11);
INSERT INTO `municipalities` (`id`, `name`, `state_id`) VALUES (117, 'Silva', 11);
INSERT INTO `municipalities` (`id`, `name`, `state_id`) VALUES (118, 'Buchivacoa', 11);
INSERT INTO `municipalities` (`id`, `name`, `state_id`) VALUES (119, 'Jacura', 11);
INSERT INTO `municipalities` (`id`, `name`, `state_id`) VALUES (120, 'San Francisco', 11);
INSERT INTO `municipalities` (`id`, `name`, `state_id`) VALUES (121, 'Tocopero', 11);
INSERT INTO `municipalities` (`id`, `name`, `state_id`) VALUES (122, 'Urumaco', 11);
INSERT INTO `municipalities` (`id`, `name`, `state_id`) VALUES (123, 'Zamora', 11);
INSERT INTO `municipalities` (`id`, `name`, `state_id`) VALUES (124, 'Petit', 11);
INSERT INTO `municipalities` (`id`, `name`, `state_id`) VALUES (125, 'Sucre', 11);
INSERT INTO `municipalities` (`id`, `name`, `state_id`) VALUES (126, 'Union', 11);
INSERT INTO `municipalities` (`id`, `name`, `state_id`) VALUES (127, 'Bolivar', 11);
INSERT INTO `municipalities` (`id`, `name`, `state_id`) VALUES (128, 'Cacique Manuare', 11);
INSERT INTO `municipalities` (`id`, `name`, `state_id`) VALUES (129, 'Los Taques', 11);
INSERT INTO `municipalities` (`id`, `name`, `state_id`) VALUES (130, 'San Jose De Guaribe', 12);
INSERT INTO `municipalities` (`id`, `name`, `state_id`) VALUES (131, 'Camaguan', 12);
INSERT INTO `municipalities` (`id`, `name`, `state_id`) VALUES (132, 'Julian Mellado', 12);
INSERT INTO `municipalities` (`id`, `name`, `state_id`) VALUES (133, 'Santa Maria De Ipire', 12);
INSERT INTO `municipalities` (`id`, `name`, `state_id`) VALUES (134, 'Chaguaramas', 12);
INSERT INTO `municipalities` (`id`, `name`, `state_id`) VALUES (135, 'San Geronimo De Guayabal', 12);
INSERT INTO `municipalities` (`id`, `name`, `state_id`) VALUES (136, 'Juan German Roscio', 12);
INSERT INTO `municipalities` (`id`, `name`, `state_id`) VALUES (137, 'Jose Felix Rivas', 12);
INSERT INTO `municipalities` (`id`, `name`, `state_id`) VALUES (138, 'Las Mercedes', 12);
INSERT INTO `municipalities` (`id`, `name`, `state_id`) VALUES (139, 'Pedro Zaraza', 12);
INSERT INTO `municipalities` (`id`, `name`, `state_id`) VALUES (140, 'Ortiz', 12);
INSERT INTO `municipalities` (`id`, `name`, `state_id`) VALUES (141, 'Jose Tadeo Monagas', 12);
INSERT INTO `municipalities` (`id`, `name`, `state_id`) VALUES (142, 'Leonardo Infante', 12);
INSERT INTO `municipalities` (`id`, `name`, `state_id`) VALUES (143, 'Francisco De Miranda', 12);
INSERT INTO `municipalities` (`id`, `name`, `state_id`) VALUES (144, 'El Socorro', 12);
INSERT INTO `municipalities` (`id`, `name`, `state_id`) VALUES (145, 'Jimenez', 13);
INSERT INTO `municipalities` (`id`, `name`, `state_id`) VALUES (146, 'Urdaneta', 13);
INSERT INTO `municipalities` (`id`, `name`, `state_id`) VALUES (147, 'Andre Eloy Blanco', 13);
INSERT INTO `municipalities` (`id`, `name`, `state_id`) VALUES (148, 'Simon Planas', 13);
INSERT INTO `municipalities` (`id`, `name`, `state_id`) VALUES (149, 'Iribarren', 13);
INSERT INTO `municipalities` (`id`, `name`, `state_id`) VALUES (150, 'Crespo', 13);
INSERT INTO `municipalities` (`id`, `name`, `state_id`) VALUES (151, 'Torres', 13);
INSERT INTO `municipalities` (`id`, `name`, `state_id`) VALUES (152, 'Moran', 13);
INSERT INTO `municipalities` (`id`, `name`, `state_id`) VALUES (153, 'Palavecino', 13);
INSERT INTO `municipalities` (`id`, `name`, `state_id`) VALUES (154, 'Aricagua', 14);
INSERT INTO `municipalities` (`id`, `name`, `state_id`) VALUES (155, 'Alberto Adriani', 14);
INSERT INTO `municipalities` (`id`, `name`, `state_id`) VALUES (156, 'Caracciolo Parra Olmedo', 14);
INSERT INTO `municipalities` (`id`, `name`, `state_id`) VALUES (157, 'Antonio Pinto  Salinas', 14);
INSERT INTO `municipalities` (`id`, `name`, `state_id`) VALUES (158, 'Arzobispo Chacon', 14);
INSERT INTO `municipalities` (`id`, `name`, `state_id`) VALUES (159, 'Libertador', 14);
INSERT INTO `municipalities` (`id`, `name`, `state_id`) VALUES (160, 'Obispo Ramos De Lora', 14);
INSERT INTO `municipalities` (`id`, `name`, `state_id`) VALUES (161, 'Guaraque', 14);
INSERT INTO `municipalities` (`id`, `name`, `state_id`) VALUES (162, 'Pueblo Llano', 14);
INSERT INTO `municipalities` (`id`, `name`, `state_id`) VALUES (163, 'Rivas Davila', 14);
INSERT INTO `municipalities` (`id`, `name`, `state_id`) VALUES (164, 'Zea', 14);
INSERT INTO `municipalities` (`id`, `name`, `state_id`) VALUES (165, 'Campo  Elias', 14);
INSERT INTO `municipalities` (`id`, `name`, `state_id`) VALUES (166, 'Miranda', 14);
INSERT INTO `municipalities` (`id`, `name`, `state_id`) VALUES (167, 'Justo Briceño', 14);
INSERT INTO `municipalities` (`id`, `name`, `state_id`) VALUES (168, 'Tovar', 14);
INSERT INTO `municipalities` (`id`, `name`, `state_id`) VALUES (169, 'Tulio Febres Cordero', 14);
INSERT INTO `municipalities` (`id`, `name`, `state_id`) VALUES (170, 'Padre Noguera', 14);
INSERT INTO `municipalities` (`id`, `name`, `state_id`) VALUES (171, 'Sucre', 14);
INSERT INTO `municipalities` (`id`, `name`, `state_id`) VALUES (172, 'Santos Marquina', 14);
INSERT INTO `municipalities` (`id`, `name`, `state_id`) VALUES (173, 'Cardenal Quintero', 14);
INSERT INTO `municipalities` (`id`, `name`, `state_id`) VALUES (174, 'Andre Bello', 14);
INSERT INTO `municipalities` (`id`, `name`, `state_id`) VALUES (175, 'Julio Cear Salas', 14);
INSERT INTO `municipalities` (`id`, `name`, `state_id`) VALUES (176, 'Rangel', 14);
INSERT INTO `municipalities` (`id`, `name`, `state_id`) VALUES (177, 'Baruta', 15);
INSERT INTO `municipalities` (`id`, `name`, `state_id`) VALUES (178, 'Carrizal', 15);
INSERT INTO `municipalities` (`id`, `name`, `state_id`) VALUES (179, 'Lander', 15);
INSERT INTO `municipalities` (`id`, `name`, `state_id`) VALUES (180, 'El Hatillo', 15);
INSERT INTO `municipalities` (`id`, `name`, `state_id`) VALUES (181, 'Los Salias', 15);
INSERT INTO `municipalities` (`id`, `name`, `state_id`) VALUES (182, 'Buroz', 15);
INSERT INTO `municipalities` (`id`, `name`, `state_id`) VALUES (183, 'Zamora', 15);
INSERT INTO `municipalities` (`id`, `name`, `state_id`) VALUES (184, 'Pedro  Gual', 15);
INSERT INTO `municipalities` (`id`, `name`, `state_id`) VALUES (185, 'Cristobal Rojas', 15);
INSERT INTO `municipalities` (`id`, `name`, `state_id`) VALUES (186, 'Urdaneta', 15);
INSERT INTO `municipalities` (`id`, `name`, `state_id`) VALUES (187, 'Andre Bello', 15);
INSERT INTO `municipalities` (`id`, `name`, `state_id`) VALUES (188, 'Acevedo', 15);
INSERT INTO `municipalities` (`id`, `name`, `state_id`) VALUES (189, 'Brion', 15);
INSERT INTO `municipalities` (`id`, `name`, `state_id`) VALUES (190, 'Chacao', 15);
INSERT INTO `municipalities` (`id`, `name`, `state_id`) VALUES (191, 'Plaza', 15);
INSERT INTO `municipalities` (`id`, `name`, `state_id`) VALUES (192, 'Paz Castillo', 15);
INSERT INTO `municipalities` (`id`, `name`, `state_id`) VALUES (193, 'Independencia', 15);
INSERT INTO `municipalities` (`id`, `name`, `state_id`) VALUES (194, 'Bolivariano Guaicaipuro', 15);
INSERT INTO `municipalities` (`id`, `name`, `state_id`) VALUES (195, 'Paez', 15);
INSERT INTO `municipalities` (`id`, `name`, `state_id`) VALUES (196, 'Simon Bolivar', 15);
INSERT INTO `municipalities` (`id`, `name`, `state_id`) VALUES (197, 'Sucre', 15);
INSERT INTO `municipalities` (`id`, `name`, `state_id`) VALUES (198, 'Aguasay', 16);
INSERT INTO `municipalities` (`id`, `name`, `state_id`) VALUES (199, 'Caripe', 16);
INSERT INTO `municipalities` (`id`, `name`, `state_id`) VALUES (200, 'Ezequiel Zamora', 16);
INSERT INTO `municipalities` (`id`, `name`, `state_id`) VALUES (201, 'Maturin', 16);
INSERT INTO `municipalities` (`id`, `name`, `state_id`) VALUES (202, 'Libertador', 16);
INSERT INTO `municipalities` (`id`, `name`, `state_id`) VALUES (203, 'Santa Barbara', 16);
INSERT INTO `municipalities` (`id`, `name`, `state_id`) VALUES (204, 'Sotillo', 16);
INSERT INTO `municipalities` (`id`, `name`, `state_id`) VALUES (205, 'Cedeño', 16);
INSERT INTO `municipalities` (`id`, `name`, `state_id`) VALUES (206, 'Bolivar', 16);
INSERT INTO `municipalities` (`id`, `name`, `state_id`) VALUES (207, 'Piar', 16);
INSERT INTO `municipalities` (`id`, `name`, `state_id`) VALUES (208, 'Uracoa', 16);
INSERT INTO `municipalities` (`id`, `name`, `state_id`) VALUES (209, 'Acosta', 16);
INSERT INTO `municipalities` (`id`, `name`, `state_id`) VALUES (210, 'Punceres', 16);
INSERT INTO `municipalities` (`id`, `name`, `state_id`) VALUES (211, 'Arismendi', 17);
INSERT INTO `municipalities` (`id`, `name`, `state_id`) VALUES (212, 'Gomez', 17);
INSERT INTO `municipalities` (`id`, `name`, `state_id`) VALUES (213, 'Marcano', 17);
INSERT INTO `municipalities` (`id`, `name`, `state_id`) VALUES (214, 'Garcia', 17);
INSERT INTO `municipalities` (`id`, `name`, `state_id`) VALUES (215, 'Diaz', 17);
INSERT INTO `municipalities` (`id`, `name`, `state_id`) VALUES (216, 'Tubores', 17);
INSERT INTO `municipalities` (`id`, `name`, `state_id`) VALUES (217, 'Maneiro', 17);
INSERT INTO `municipalities` (`id`, `name`, `state_id`) VALUES (218, 'Villalba', 17);
INSERT INTO `municipalities` (`id`, `name`, `state_id`) VALUES (219, 'Antolin Del Campo', 17);
INSERT INTO `municipalities` (`id`, `name`, `state_id`) VALUES (220, 'Mariño', 17);
INSERT INTO `municipalities` (`id`, `name`, `state_id`) VALUES (221, 'Peninsula De Macanao', 17);
INSERT INTO `municipalities` (`id`, `name`, `state_id`) VALUES (222, 'Araure', 18);
INSERT INTO `municipalities` (`id`, `name`, `state_id`) VALUES (223, 'Santa  Rosalia', 18);
INSERT INTO `municipalities` (`id`, `name`, `state_id`) VALUES (224, 'Guanarito', 18);
INSERT INTO `municipalities` (`id`, `name`, `state_id`) VALUES (225, 'Guanare', 18);
INSERT INTO `municipalities` (`id`, `name`, `state_id`) VALUES (226, 'San Genaro De Boconoito', 18);
INSERT INTO `municipalities` (`id`, `name`, `state_id`) VALUES (227, 'San Rafael De Onoto', 18);
INSERT INTO `municipalities` (`id`, `name`, `state_id`) VALUES (228, 'Monseñor Jose Vicente De Unda', 18);
INSERT INTO `municipalities` (`id`, `name`, `state_id`) VALUES (229, 'Sucre', 18);
INSERT INTO `municipalities` (`id`, `name`, `state_id`) VALUES (230, 'Papelon', 18);
INSERT INTO `municipalities` (`id`, `name`, `state_id`) VALUES (231, 'Agua Blanca', 18);
INSERT INTO `municipalities` (`id`, `name`, `state_id`) VALUES (232, 'Esteller', 18);
INSERT INTO `municipalities` (`id`, `name`, `state_id`) VALUES (233, 'Turen', 18);
INSERT INTO `municipalities` (`id`, `name`, `state_id`) VALUES (234, 'Paez', 18);
INSERT INTO `municipalities` (`id`, `name`, `state_id`) VALUES (235, 'Ospino', 18);
INSERT INTO `municipalities` (`id`, `name`, `state_id`) VALUES (236, 'Andre Eloy Blanco', 19);
INSERT INTO `municipalities` (`id`, `name`, `state_id`) VALUES (237, 'Montes', 19);
INSERT INTO `municipalities` (`id`, `name`, `state_id`) VALUES (238, 'Bermudez', 19);
INSERT INTO `municipalities` (`id`, `name`, `state_id`) VALUES (239, 'Andre Mata', 19);
INSERT INTO `municipalities` (`id`, `name`, `state_id`) VALUES (240, 'Benitez', 19);
INSERT INTO `municipalities` (`id`, `name`, `state_id`) VALUES (241, 'Mariño', 19);
INSERT INTO `municipalities` (`id`, `name`, `state_id`) VALUES (242, 'Mejia', 19);
INSERT INTO `municipalities` (`id`, `name`, `state_id`) VALUES (243, 'Ribero', 19);
INSERT INTO `municipalities` (`id`, `name`, `state_id`) VALUES (244, 'Libertador', 19);
INSERT INTO `municipalities` (`id`, `name`, `state_id`) VALUES (245, 'Bolivar', 19);
INSERT INTO `municipalities` (`id`, `name`, `state_id`) VALUES (246, 'Sucre', 19);
INSERT INTO `municipalities` (`id`, `name`, `state_id`) VALUES (247, 'Arismendi', 19);
INSERT INTO `municipalities` (`id`, `name`, `state_id`) VALUES (248, 'Cruz Salmeron Acosta', 19);
INSERT INTO `municipalities` (`id`, `name`, `state_id`) VALUES (249, 'Valdez', 19);
INSERT INTO `municipalities` (`id`, `name`, `state_id`) VALUES (250, 'Cajigal', 19);
INSERT INTO `municipalities` (`id`, `name`, `state_id`) VALUES (251, 'Libertador', 20);
INSERT INTO `municipalities` (`id`, `name`, `state_id`) VALUES (252, 'Libertad', 20);
INSERT INTO `municipalities` (`id`, `name`, `state_id`) VALUES (253, 'Cordoba', 20);
INSERT INTO `municipalities` (`id`, `name`, `state_id`) VALUES (254, 'Michelena', 20);
INSERT INTO `municipalities` (`id`, `name`, `state_id`) VALUES (255, 'Rafael Urdaneta', 20);
INSERT INTO `municipalities` (`id`, `name`, `state_id`) VALUES (256, 'Antonio Romulo Costa', 20);
INSERT INTO `municipalities` (`id`, `name`, `state_id`) VALUES (257, 'Simon Rodriguez', 20);
INSERT INTO `municipalities` (`id`, `name`, `state_id`) VALUES (258, 'San Judas Tadeo', 20);
INSERT INTO `municipalities` (`id`, `name`, `state_id`) VALUES (259, 'Cardenas', 20);
INSERT INTO `municipalities` (`id`, `name`, `state_id`) VALUES (260, 'Jose Maria Vargas', 20);
INSERT INTO `municipalities` (`id`, `name`, `state_id`) VALUES (261, 'Sucre', 20);
INSERT INTO `municipalities` (`id`, `name`, `state_id`) VALUES (262, 'Bolivar', 20);
INSERT INTO `municipalities` (`id`, `name`, `state_id`) VALUES (263, 'Panamericano', 20);
INSERT INTO `municipalities` (`id`, `name`, `state_id`) VALUES (264, 'Ayacucho', 20);
INSERT INTO `municipalities` (`id`, `name`, `state_id`) VALUES (265, 'Guasimos', 20);
INSERT INTO `municipalities` (`id`, `name`, `state_id`) VALUES (266, 'Andre Bello', 20);
INSERT INTO `municipalities` (`id`, `name`, `state_id`) VALUES (267, 'Fernandez Feo', 20);
INSERT INTO `municipalities` (`id`, `name`, `state_id`) VALUES (268, 'Jauregui', 20);
INSERT INTO `municipalities` (`id`, `name`, `state_id`) VALUES (269, 'Junin', 20);
INSERT INTO `municipalities` (`id`, `name`, `state_id`) VALUES (270, 'Samuel Dario Maldonado', 20);
INSERT INTO `municipalities` (`id`, `name`, `state_id`) VALUES (271, 'Uribante', 20);
INSERT INTO `municipalities` (`id`, `name`, `state_id`) VALUES (272, 'Francisco De Miranda', 20);
INSERT INTO `municipalities` (`id`, `name`, `state_id`) VALUES (273, 'Torbes', 20);
INSERT INTO `municipalities` (`id`, `name`, `state_id`) VALUES (274, 'Garcia De Hevia', 20);
INSERT INTO `municipalities` (`id`, `name`, `state_id`) VALUES (275, 'Lobatera', 20);
INSERT INTO `municipalities` (`id`, `name`, `state_id`) VALUES (276, 'San Cristobal', 20);
INSERT INTO `municipalities` (`id`, `name`, `state_id`) VALUES (277, 'Independencia', 20);
INSERT INTO `municipalities` (`id`, `name`, `state_id`) VALUES (278, 'Seboruco', 20);
INSERT INTO `municipalities` (`id`, `name`, `state_id`) VALUES (279, 'Pedro Maria Ureña', 20);
INSERT INTO `municipalities` (`id`, `name`, `state_id`) VALUES (280, 'Pampan', 21);
INSERT INTO `municipalities` (`id`, `name`, `state_id`) VALUES (281, 'Sucre', 21);
INSERT INTO `municipalities` (`id`, `name`, `state_id`) VALUES (282, 'Andre Bello', 21);
INSERT INTO `municipalities` (`id`, `name`, `state_id`) VALUES (283, 'Candelaria', 21);
INSERT INTO `municipalities` (`id`, `name`, `state_id`) VALUES (284, 'Jose Felipe Marquez Cañizales', 21);
INSERT INTO `municipalities` (`id`, `name`, `state_id`) VALUES (285, 'Miranda', 21);
INSERT INTO `municipalities` (`id`, `name`, `state_id`) VALUES (286, 'Valera', 21);
INSERT INTO `municipalities` (`id`, `name`, `state_id`) VALUES (287, 'Motatan', 21);
INSERT INTO `municipalities` (`id`, `name`, `state_id`) VALUES (288, 'Bocono', 21);
INSERT INTO `municipalities` (`id`, `name`, `state_id`) VALUES (289, 'Trujillo', 21);
INSERT INTO `municipalities` (`id`, `name`, `state_id`) VALUES (290, 'Monte Carmelo', 21);
INSERT INTO `municipalities` (`id`, `name`, `state_id`) VALUES (291, 'San Rafael De Carvajal', 21);
INSERT INTO `municipalities` (`id`, `name`, `state_id`) VALUES (292, 'Carache', 21);
INSERT INTO `municipalities` (`id`, `name`, `state_id`) VALUES (293, 'Escuque', 21);
INSERT INTO `municipalities` (`id`, `name`, `state_id`) VALUES (294, 'Juan Vicente Campo Elias', 21);
INSERT INTO `municipalities` (`id`, `name`, `state_id`) VALUES (295, 'La Ceiba', 21);
INSERT INTO `municipalities` (`id`, `name`, `state_id`) VALUES (296, 'Rafael Rangel', 21);
INSERT INTO `municipalities` (`id`, `name`, `state_id`) VALUES (297, 'Bolivar', 21);
INSERT INTO `municipalities` (`id`, `name`, `state_id`) VALUES (298, 'Urdaneta', 21);
INSERT INTO `municipalities` (`id`, `name`, `state_id`) VALUES (299, 'Pampanito', 21);
INSERT INTO `municipalities` (`id`, `name`, `state_id`) VALUES (300, 'Manuel Monge', 22);
INSERT INTO `municipalities` (`id`, `name`, `state_id`) VALUES (301, 'Cocorote', 22);
INSERT INTO `municipalities` (`id`, `name`, `state_id`) VALUES (302, 'Veroes', 22);
INSERT INTO `municipalities` (`id`, `name`, `state_id`) VALUES (303, 'La Trinidad', 22);
INSERT INTO `municipalities` (`id`, `name`, `state_id`) VALUES (304, 'Nirgua', 22);
INSERT INTO `municipalities` (`id`, `name`, `state_id`) VALUES (305, 'Bruzual', 22);
INSERT INTO `municipalities` (`id`, `name`, `state_id`) VALUES (306, 'Peña', 22);
INSERT INTO `municipalities` (`id`, `name`, `state_id`) VALUES (307, 'Independencia', 22);
INSERT INTO `municipalities` (`id`, `name`, `state_id`) VALUES (308, 'Urachiche', 22);
INSERT INTO `municipalities` (`id`, `name`, `state_id`) VALUES (309, 'Sucre', 22);
INSERT INTO `municipalities` (`id`, `name`, `state_id`) VALUES (310, 'Bolivar', 22);
INSERT INTO `municipalities` (`id`, `name`, `state_id`) VALUES (311, 'Aristides Bastidas', 22);
INSERT INTO `municipalities` (`id`, `name`, `state_id`) VALUES (312, 'Jose Antonio Paez', 22);
INSERT INTO `municipalities` (`id`, `name`, `state_id`) VALUES (313, 'San Felipe', 22);
INSERT INTO `municipalities` (`id`, `name`, `state_id`) VALUES (314, 'Jesus Maria Semprum', 23);
INSERT INTO `municipalities` (`id`, `name`, `state_id`) VALUES (315, 'Mara', 23);
INSERT INTO `municipalities` (`id`, `name`, `state_id`) VALUES (316, 'Lagunillas', 23);
INSERT INTO `municipalities` (`id`, `name`, `state_id`) VALUES (317, 'Santa Rita', 23);
INSERT INTO `municipalities` (`id`, `name`, `state_id`) VALUES (318, 'Machiques De Perija', 23);
INSERT INTO `municipalities` (`id`, `name`, `state_id`) VALUES (319, 'Valmore Rodriguez', 23);
INSERT INTO `municipalities` (`id`, `name`, `state_id`) VALUES (320, 'Colon', 23);
INSERT INTO `municipalities` (`id`, `name`, `state_id`) VALUES (321, 'Cabimas', 23);
INSERT INTO `municipalities` (`id`, `name`, `state_id`) VALUES (322, 'Rosario De Perija', 23);
INSERT INTO `municipalities` (`id`, `name`, `state_id`) VALUES (323, 'Indigena Bolivariano Guajira', 23);
INSERT INTO `municipalities` (`id`, `name`, `state_id`) VALUES (324, 'San Francisco', 23);
INSERT INTO `municipalities` (`id`, `name`, `state_id`) VALUES (325, 'Almirante Padilla', 23);
INSERT INTO `municipalities` (`id`, `name`, `state_id`) VALUES (326, 'Jesus Enrique Lossada', 23);
INSERT INTO `municipalities` (`id`, `name`, `state_id`) VALUES (327, 'Miranda', 23);
INSERT INTO `municipalities` (`id`, `name`, `state_id`) VALUES (328, 'Baralt', 23);
INSERT INTO `municipalities` (`id`, `name`, `state_id`) VALUES (329, 'Catatumbo', 23);
INSERT INTO `municipalities` (`id`, `name`, `state_id`) VALUES (330, 'La Cañada De Urdaneta', 23);
INSERT INTO `municipalities` (`id`, `name`, `state_id`) VALUES (331, 'Sucre', 23);
INSERT INTO `municipalities` (`id`, `name`, `state_id`) VALUES (332, 'Simon Bolivar', 23);
INSERT INTO `municipalities` (`id`, `name`, `state_id`) VALUES (333, 'Francisco Javier Pulgar', 23);
INSERT INTO `municipalities` (`id`, `name`, `state_id`) VALUES (334, 'Maracaibo', 23);
INSERT INTO `municipalities` (`id`, `name`, `state_id`) VALUES (335, 'Vargas', 24);
INSERT INTO `parishes` (`id`, `name`, `municipality_id`) VALUES (1, 'Altagracia', 1);
INSERT INTO `parishes` (`id`, `name`, `municipality_id`) VALUES (2, 'Antimano', 1);
INSERT INTO `parishes` (`id`, `name`, `municipality_id`) VALUES (3, 'Candelaria', 1);
INSERT INTO `parishes` (`id`, `name`, `municipality_id`) VALUES (4, 'Caricuao', 1);
INSERT INTO `parishes` (`id`, `name`, `municipality_id`) VALUES (5, 'Catedral', 1);
INSERT INTO `parishes` (`id`, `name`, `municipality_id`) VALUES (6, 'Coche', 1);
INSERT INTO `parishes` (`id`, `name`, `municipality_id`) VALUES (7, 'El Junquito', 1);
INSERT INTO `parishes` (`id`, `name`, `municipality_id`) VALUES (8, 'El Paraiso', 1);
INSERT INTO `parishes` (`id`, `name`, `municipality_id`) VALUES (9, 'El Recreo', 1);
INSERT INTO `parishes` (`id`, `name`, `municipality_id`) VALUES (10, 'El Valle', 1);
INSERT INTO `parishes` (`id`, `name`, `municipality_id`) VALUES (11, 'La Pastora', 1);
INSERT INTO `parishes` (`id`, `name`, `municipality_id`) VALUES (12, 'La Vega', 1);
INSERT INTO `parishes` (`id`, `name`, `municipality_id`) VALUES (13, 'Macarao', 1);
INSERT INTO `parishes` (`id`, `name`, `municipality_id`) VALUES (14, 'San Agustin', 1);
INSERT INTO `parishes` (`id`, `name`, `municipality_id`) VALUES (15, 'San Bernardino', 1);
INSERT INTO `parishes` (`id`, `name`, `municipality_id`) VALUES (16, 'San Jose', 1);
INSERT INTO `parishes` (`id`, `name`, `municipality_id`) VALUES (17, 'San Juan', 1);
INSERT INTO `parishes` (`id`, `name`, `municipality_id`) VALUES (18, 'San Pedro', 1);
INSERT INTO `parishes` (`id`, `name`, `municipality_id`) VALUES (19, 'Santa Rosalia', 1);
INSERT INTO `parishes` (`id`, `name`, `municipality_id`) VALUES (20, 'Santa Teresa', 1);
INSERT INTO `parishes` (`id`, `name`, `municipality_id`) VALUES (21, 'Sucre', 1);
INSERT INTO `parishes` (`id`, `name`, `municipality_id`) VALUES (22, '23 De Enero', 1);
INSERT INTO `parishes` (`id`, `name`, `municipality_id`) VALUES (23, 'Ucata', 2);
INSERT INTO `parishes` (`id`, `name`, `municipality_id`) VALUES (24, 'Yacapana', 2);
INSERT INTO `parishes` (`id`, `name`, `municipality_id`) VALUES (25, 'San Carlos De Río Negro (Capital)', 3);
INSERT INTO `parishes` (`id`, `name`, `municipality_id`) VALUES (26, 'Fernando Giron Tovar', 4);
INSERT INTO `parishes` (`id`, `name`, `municipality_id`) VALUES (27, 'Luis Alberto Gomez', 4);
INSERT INTO `parishes` (`id`, `name`, `municipality_id`) VALUES (28, 'Parhueña', 4);
INSERT INTO `parishes` (`id`, `name`, `municipality_id`) VALUES (29, 'Platanillal', 4);
INSERT INTO `parishes` (`id`, `name`, `municipality_id`) VALUES (30, 'Samariapo', 5);
INSERT INTO `parishes` (`id`, `name`, `municipality_id`) VALUES (31, 'Guayapo', 5);
INSERT INTO `parishes` (`id`, `name`, `municipality_id`) VALUES (32, 'Victorino', 6);
INSERT INTO `parishes` (`id`, `name`, `municipality_id`) VALUES (33, 'Comunidad', 6);
INSERT INTO `parishes` (`id`, `name`, `municipality_id`) VALUES (34, 'Huachamacare', 7);
INSERT INTO `parishes` (`id`, `name`, `municipality_id`) VALUES (35, 'Alto Ventuari', 8);
INSERT INTO `parishes` (`id`, `name`, `municipality_id`) VALUES (36, 'Medio Ventuari', 8);
INSERT INTO `parishes` (`id`, `name`, `municipality_id`) VALUES (37, 'Capital Santa Ana', 9);
INSERT INTO `parishes` (`id`, `name`, `municipality_id`) VALUES (38, 'Pueblo Nuevo', 9);
INSERT INTO `parishes` (`id`, `name`, `municipality_id`) VALUES (39, 'Capital Francisco De Miranda', 10);
INSERT INTO `parishes` (`id`, `name`, `municipality_id`) VALUES (40, 'Atapirire', 10);
INSERT INTO `parishes` (`id`, `name`, `municipality_id`) VALUES (41, 'Boca Del Pao', 10);
INSERT INTO `parishes` (`id`, `name`, `municipality_id`) VALUES (42, 'El Pao', 10);
INSERT INTO `parishes` (`id`, `name`, `municipality_id`) VALUES (43, 'El Carmen', 11);
INSERT INTO `parishes` (`id`, `name`, `municipality_id`) VALUES (44, 'San Cristobal', 11);
INSERT INTO `parishes` (`id`, `name`, `municipality_id`) VALUES (45, 'Bergantin', 11);
INSERT INTO `parishes` (`id`, `name`, `municipality_id`) VALUES (46, 'Caigua', 11);
INSERT INTO `parishes` (`id`, `name`, `municipality_id`) VALUES (47, 'El Pilar', 11);
INSERT INTO `parishes` (`id`, `name`, `municipality_id`) VALUES (48, 'Naricual', 11);
INSERT INTO `parishes` (`id`, `name`, `municipality_id`) VALUES (49, 'Capital Sir Arthur Mc Gregor', 12);
INSERT INTO `parishes` (`id`, `name`, `municipality_id`) VALUES (50, 'Tomas Alfaro Calatrava', 12);
INSERT INTO `parishes` (`id`, `name`, `municipality_id`) VALUES (51, 'Pozuelos', 13);
INSERT INTO `parishes` (`id`, `name`, `municipality_id`) VALUES (52, 'Capital Puerto La Cruz', 13);
INSERT INTO `parishes` (`id`, `name`, `municipality_id`) VALUES (53, 'Capital Francisco Del Carmen Carvajal', 14);
INSERT INTO `parishes` (`id`, `name`, `municipality_id`) VALUES (54, 'Santa Barbara', 14);
INSERT INTO `parishes` (`id`, `name`, `municipality_id`) VALUES (55, 'Capital Libertad', 15);
INSERT INTO `parishes` (`id`, `name`, `municipality_id`) VALUES (56, 'El Carito', 15);
INSERT INTO `parishes` (`id`, `name`, `municipality_id`) VALUES (57, 'Santa Ine', 15);
INSERT INTO `parishes` (`id`, `name`, `municipality_id`) VALUES (58, 'Capital Aragua', 16);
INSERT INTO `parishes` (`id`, `name`, `municipality_id`) VALUES (59, 'Cachipo', 16);
INSERT INTO `parishes` (`id`, `name`, `municipality_id`) VALUES (60, 'Capital Fernando De Penalver', 17);
INSERT INTO `parishes` (`id`, `name`, `municipality_id`) VALUES (61, 'San Miguel', 17);
INSERT INTO `parishes` (`id`, `name`, `municipality_id`) VALUES (62, 'Sucre', 17);
INSERT INTO `parishes` (`id`, `name`, `municipality_id`) VALUES (63, 'Capital San Juan De Capistrano', 18);
INSERT INTO `parishes` (`id`, `name`, `municipality_id`) VALUES (64, 'Boca De Chavez', 18);
INSERT INTO `parishes` (`id`, `name`, `municipality_id`) VALUES (65, 'Capital Anaco', 19);
INSERT INTO `parishes` (`id`, `name`, `municipality_id`) VALUES (66, 'San Joaquin', 19);
INSERT INTO `parishes` (`id`, `name`, `municipality_id`) VALUES (67, 'Buena Vista', 19);
INSERT INTO `parishes` (`id`, `name`, `municipality_id`) VALUES (68, 'Capital Juan Manuel Cajigal', 20);
INSERT INTO `parishes` (`id`, `name`, `municipality_id`) VALUES (69, 'San Pablo', 20);
INSERT INTO `parishes` (`id`, `name`, `municipality_id`) VALUES (70, 'Capital Independencia', 21);
INSERT INTO `parishes` (`id`, `name`, `municipality_id`) VALUES (71, 'Mamo', 21);
INSERT INTO `parishes` (`id`, `name`, `municipality_id`) VALUES (72, 'Capital Pedro Maria Freites', 22);
INSERT INTO `parishes` (`id`, `name`, `municipality_id`) VALUES (73, 'Libertador', 22);
INSERT INTO `parishes` (`id`, `name`, `municipality_id`) VALUES (74, 'Santa Rosa', 22);
INSERT INTO `parishes` (`id`, `name`, `municipality_id`) VALUES (75, 'Urica', 22);
INSERT INTO `parishes` (`id`, `name`, `municipality_id`) VALUES (76, 'Capital Piritu', 23);
INSERT INTO `parishes` (`id`, `name`, `municipality_id`) VALUES (77, 'San Francisco', 23);
INSERT INTO `parishes` (`id`, `name`, `municipality_id`) VALUES (78, 'No Tiene Parroquia (Capital El Tigrito)', 24);
INSERT INTO `parishes` (`id`, `name`, `municipality_id`) VALUES (79, 'Capital Diego Bautista Urbaneja', 25);
INSERT INTO `parishes` (`id`, `name`, `municipality_id`) VALUES (80, 'El Morro', 25);
INSERT INTO `parishes` (`id`, `name`, `municipality_id`) VALUES (81, 'Capital Manuel Ezequiel Bruzual', 26);
INSERT INTO `parishes` (`id`, `name`, `municipality_id`) VALUES (82, 'Guanape', 26);
INSERT INTO `parishes` (`id`, `name`, `municipality_id`) VALUES (83, 'Sabana De Uchire', 26);
INSERT INTO `parishes` (`id`, `name`, `municipality_id`) VALUES (84, 'Capital Guanta', 27);
INSERT INTO `parishes` (`id`, `name`, `municipality_id`) VALUES (85, 'Chorreron', 27);
INSERT INTO `parishes` (`id`, `name`, `municipality_id`) VALUES (86, 'Edmundo Barrios', 28);
INSERT INTO `parishes` (`id`, `name`, `municipality_id`) VALUES (87, 'Capital Jose Gregorio Monagas', 29);
INSERT INTO `parishes` (`id`, `name`, `municipality_id`) VALUES (88, 'Piar', 29);
INSERT INTO `parishes` (`id`, `name`, `municipality_id`) VALUES (89, 'San Diego De Cabrutica', 29);
INSERT INTO `parishes` (`id`, `name`, `municipality_id`) VALUES (90, 'Santa Clara', 29);
INSERT INTO `parishes` (`id`, `name`, `municipality_id`) VALUES (91, 'Uverito', 29);
INSERT INTO `parishes` (`id`, `name`, `municipality_id`) VALUES (92, 'Zuata', 29);
INSERT INTO `parishes` (`id`, `name`, `municipality_id`) VALUES (93, 'Urbana Achaguas', 30);
INSERT INTO `parishes` (`id`, `name`, `municipality_id`) VALUES (94, 'Apurito', 30);
INSERT INTO `parishes` (`id`, `name`, `municipality_id`) VALUES (95, 'El Yagual', 30);
INSERT INTO `parishes` (`id`, `name`, `municipality_id`) VALUES (96, 'Guachara', 30);
INSERT INTO `parishes` (`id`, `name`, `municipality_id`) VALUES (97, 'Mucuritas', 30);
INSERT INTO `parishes` (`id`, `name`, `municipality_id`) VALUES (98, 'Queseras Del Medio', 30);
INSERT INTO `parishes` (`id`, `name`, `municipality_id`) VALUES (99, 'Urbana Biruaca', 31);
INSERT INTO `parishes` (`id`, `name`, `municipality_id`) VALUES (100, 'Urbana Guasdualito', 32);
INSERT INTO `parishes` (`id`, `name`, `municipality_id`) VALUES (101, 'Aramendi', 32);
INSERT INTO `parishes` (`id`, `name`, `municipality_id`) VALUES (102, 'El Amparo', 32);
INSERT INTO `parishes` (`id`, `name`, `municipality_id`) VALUES (103, 'San Camilo', 32);
INSERT INTO `parishes` (`id`, `name`, `municipality_id`) VALUES (104, 'Urdaneta', 32);
INSERT INTO `parishes` (`id`, `name`, `municipality_id`) VALUES (105, 'Urbana Bruzual', 33);
INSERT INTO `parishes` (`id`, `name`, `municipality_id`) VALUES (106, 'Mantecal', 33);
INSERT INTO `parishes` (`id`, `name`, `municipality_id`) VALUES (107, 'Quintero', 33);
INSERT INTO `parishes` (`id`, `name`, `municipality_id`) VALUES (108, 'San Vicente', 33);
INSERT INTO `parishes` (`id`, `name`, `municipality_id`) VALUES (109, 'Rincon Hondo', 33);
INSERT INTO `parishes` (`id`, `name`, `municipality_id`) VALUES (110, 'Urbana Elorza', 34);
INSERT INTO `parishes` (`id`, `name`, `municipality_id`) VALUES (111, 'La Trinidad', 34);
INSERT INTO `parishes` (`id`, `name`, `municipality_id`) VALUES (112, 'Urbana San Fernando', 35);
INSERT INTO `parishes` (`id`, `name`, `municipality_id`) VALUES (113, 'El Recreo', 35);
INSERT INTO `parishes` (`id`, `name`, `municipality_id`) VALUES (114, 'Peñalver', 35);
INSERT INTO `parishes` (`id`, `name`, `municipality_id`) VALUES (115, 'San Rafael De Atamaica', 35);
INSERT INTO `parishes` (`id`, `name`, `municipality_id`) VALUES (116, 'Urbana San Juan De Payara', 36);
INSERT INTO `parishes` (`id`, `name`, `municipality_id`) VALUES (117, 'Codazzi', 36);
INSERT INTO `parishes` (`id`, `name`, `municipality_id`) VALUES (118, 'Cunaviche', 36);
INSERT INTO `parishes` (`id`, `name`, `municipality_id`) VALUES (119, 'Zamora', 37);
INSERT INTO `parishes` (`id`, `name`, `municipality_id`) VALUES (120, 'No Urbana Magdaleno', 37);
INSERT INTO `parishes` (`id`, `name`, `municipality_id`) VALUES (121, 'No Urbana San Francisco De Asis', 37);
INSERT INTO `parishes` (`id`, `name`, `municipality_id`) VALUES (122, 'No Urbana Valles De Tucutunemo', 37);
INSERT INTO `parishes` (`id`, `name`, `municipality_id`) VALUES (123, 'No Urbana Augusto Mijares', 37);
INSERT INTO `parishes` (`id`, `name`, `municipality_id`) VALUES (124, 'No Tiene Parroquia (Capital Ocumare De La Costa)', 38);
INSERT INTO `parishes` (`id`, `name`, `municipality_id`) VALUES (125, 'Urbana Juan Vicente Bolivar Y Ponte', 39);
INSERT INTO `parishes` (`id`, `name`, `municipality_id`) VALUES (126, 'Urbana Castor Nieves Rios', 39);
INSERT INTO `parishes` (`id`, `name`, `municipality_id`) VALUES (127, 'No Urbana Las Guacamayas', 39);
INSERT INTO `parishes` (`id`, `name`, `municipality_id`) VALUES (128, 'No Urbana Pao De Zarate', 39);
INSERT INTO `parishes` (`id`, `name`, `municipality_id`) VALUES (129, 'No Urbana Zuata', 39);
INSERT INTO `parishes` (`id`, `name`, `municipality_id`) VALUES (130, 'San Casimiro', 40);
INSERT INTO `parishes` (`id`, `name`, `municipality_id`) VALUES (131, 'No Urbana Guiripa', 40);
INSERT INTO `parishes` (`id`, `name`, `municipality_id`) VALUES (132, 'No Urbana Ollas De Caramacate', 40);
INSERT INTO `parishes` (`id`, `name`, `municipality_id`) VALUES (133, 'No Urbana Valle Morin', 40);
INSERT INTO `parishes` (`id`, `name`, `municipality_id`) VALUES (134, 'Santiago Mariño', 41);
INSERT INTO `parishes` (`id`, `name`, `municipality_id`) VALUES (135, 'No Urbana Arevalo Aponte', 41);
INSERT INTO `parishes` (`id`, `name`, `municipality_id`) VALUES (136, 'No Urbana Chuao', 41);
INSERT INTO `parishes` (`id`, `name`, `municipality_id`) VALUES (137, 'No Urbana Saman De Guere', 41);
INSERT INTO `parishes` (`id`, `name`, `municipality_id`) VALUES (138, 'No Urbana Alfredo Pacheco Miranda', 41);
INSERT INTO `parishes` (`id`, `name`, `municipality_id`) VALUES (139, 'No Urbana Choroni', 42);
INSERT INTO `parishes` (`id`, `name`, `municipality_id`) VALUES (140, 'Urbana Las Delicias', 42);
INSERT INTO `parishes` (`id`, `name`, `municipality_id`) VALUES (141, 'Urbana Madre Maria De San Jose', 42);
INSERT INTO `parishes` (`id`, `name`, `municipality_id`) VALUES (142, 'Urbana Joaquin Crespo', 42);
INSERT INTO `parishes` (`id`, `name`, `municipality_id`) VALUES (143, 'Urbana Pedro Jose Ovalles', 42);
INSERT INTO `parishes` (`id`, `name`, `municipality_id`) VALUES (144, 'Urbana Jose Casanova Godoy', 42);
INSERT INTO `parishes` (`id`, `name`, `municipality_id`) VALUES (145, 'Urbana Andres Eloy Blanco', 42);
INSERT INTO `parishes` (`id`, `name`, `municipality_id`) VALUES (146, 'Urbana Los Tacariguas', 42);
INSERT INTO `parishes` (`id`, `name`, `municipality_id`) VALUES (147, 'Sucre', 43);
INSERT INTO `parishes` (`id`, `name`, `municipality_id`) VALUES (148, 'No Urbana Bella Vista', 43);
INSERT INTO `parishes` (`id`, `name`, `municipality_id`) VALUES (149, 'Urdaneta', 44);
INSERT INTO `parishes` (`id`, `name`, `municipality_id`) VALUES (150, 'No Urbana Las Peñitas', 44);
INSERT INTO `parishes` (`id`, `name`, `municipality_id`) VALUES (151, 'No Urbana San Francisco De Cara', 44);
INSERT INTO `parishes` (`id`, `name`, `municipality_id`) VALUES (152, 'No Urbana Taguay', 44);
INSERT INTO `parishes` (`id`, `name`, `municipality_id`) VALUES (153, 'Francisco Linares Alcantara', 45);
INSERT INTO `parishes` (`id`, `name`, `municipality_id`) VALUES (154, 'No Urbana Francisco De Miranda', 45);
INSERT INTO `parishes` (`id`, `name`, `municipality_id`) VALUES (155, 'No Urbana Monseñor Feliciano Gonzalez', 45);
INSERT INTO `parishes` (`id`, `name`, `municipality_id`) VALUES (156, 'No Tiene Parroquia (Capital El Consejo)', 46);
INSERT INTO `parishes` (`id`, `name`, `municipality_id`) VALUES (157, 'Santos Michelena', 47);
INSERT INTO `parishes` (`id`, `name`, `municipality_id`) VALUES (158, 'No Urbana Tiara', 47);
INSERT INTO `parishes` (`id`, `name`, `municipality_id`) VALUES (159, 'No Tiene Parroquia (Capital San Mateo)', 48);
INSERT INTO `parishes` (`id`, `name`, `municipality_id`) VALUES (160, 'No Tiene Parroquia (Capital San Sebastian)', 49);
INSERT INTO `parishes` (`id`, `name`, `municipality_id`) VALUES (161, 'No Tiene Parroquia (Capital La Colonia Tovar)', 50);
INSERT INTO `parishes` (`id`, `name`, `municipality_id`) VALUES (162, 'Libertador', 51);
INSERT INTO `parishes` (`id`, `name`, `municipality_id`) VALUES (163, 'No Urbana San Martin De Porres', 51);
INSERT INTO `parishes` (`id`, `name`, `municipality_id`) VALUES (164, 'Mario Briceño Iragorry', 52);
INSERT INTO `parishes` (`id`, `name`, `municipality_id`) VALUES (165, 'Urbana Caña De Azucar', 52);
INSERT INTO `parishes` (`id`, `name`, `municipality_id`) VALUES (166, 'No Tiene Parroquia (Capital Santa Cruz)', 53);
INSERT INTO `parishes` (`id`, `name`, `municipality_id`) VALUES (167, 'Camatagua', 54);
INSERT INTO `parishes` (`id`, `name`, `municipality_id`) VALUES (168, 'No Urbana Carmen De Cura', 54);
INSERT INTO `parishes` (`id`, `name`, `municipality_id`) VALUES (169, 'El Canton', 55);
INSERT INTO `parishes` (`id`, `name`, `municipality_id`) VALUES (170, 'Santa Cruz De Guacas', 55);
INSERT INTO `parishes` (`id`, `name`, `municipality_id`) VALUES (171, 'Puerto Vivas', 55);
INSERT INTO `parishes` (`id`, `name`, `municipality_id`) VALUES (172, 'Santa Barbara', 56);
INSERT INTO `parishes` (`id`, `name`, `municipality_id`) VALUES (173, 'Jose Ignacio Pumar', 56);
INSERT INTO `parishes` (`id`, `name`, `municipality_id`) VALUES (174, 'Pedro Briceño Mendez', 56);
INSERT INTO `parishes` (`id`, `name`, `municipality_id`) VALUES (175, 'Ramon Ignacio Mendez', 56);
INSERT INTO `parishes` (`id`, `name`, `municipality_id`) VALUES (176, 'Ticoporo', 57);
INSERT INTO `parishes` (`id`, `name`, `municipality_id`) VALUES (177, 'Andres Bello', 57);
INSERT INTO `parishes` (`id`, `name`, `municipality_id`) VALUES (178, 'Nicolas Pulido', 57);
INSERT INTO `parishes` (`id`, `name`, `municipality_id`) VALUES (179, 'Barinas', 58);
INSERT INTO `parishes` (`id`, `name`, `municipality_id`) VALUES (180, 'Alfredo Arvelo Larriva', 58);
INSERT INTO `parishes` (`id`, `name`, `municipality_id`) VALUES (181, 'San Silvestre', 58);
INSERT INTO `parishes` (`id`, `name`, `municipality_id`) VALUES (182, 'Santa Ines', 58);
INSERT INTO `parishes` (`id`, `name`, `municipality_id`) VALUES (183, 'Santa Lucia', 58);
INSERT INTO `parishes` (`id`, `name`, `municipality_id`) VALUES (184, 'Torunos', 58);
INSERT INTO `parishes` (`id`, `name`, `municipality_id`) VALUES (185, 'El Carmen', 58);
INSERT INTO `parishes` (`id`, `name`, `municipality_id`) VALUES (186, 'Romulo Betancourt', 58);
INSERT INTO `parishes` (`id`, `name`, `municipality_id`) VALUES (187, 'Corazon De Jesus', 58);
INSERT INTO `parishes` (`id`, `name`, `municipality_id`) VALUES (188, 'Ramon Ignacio Mendez', 58);
INSERT INTO `parishes` (`id`, `name`, `municipality_id`) VALUES (189, 'Alto Barinas', 58);
INSERT INTO `parishes` (`id`, `name`, `municipality_id`) VALUES (190, 'Manuel Palacio Fajardo', 58);
INSERT INTO `parishes` (`id`, `name`, `municipality_id`) VALUES (191, 'Juan Antonio Rodriguez Dominguez', 58);
INSERT INTO `parishes` (`id`, `name`, `municipality_id`) VALUES (192, 'Dominga Ortiz De Paez', 58);
INSERT INTO `parishes` (`id`, `name`, `municipality_id`) VALUES (193, 'Libertad', 59);
INSERT INTO `parishes` (`id`, `name`, `municipality_id`) VALUES (194, 'Dolores', 59);
INSERT INTO `parishes` (`id`, `name`, `municipality_id`) VALUES (195, 'Palacios Fajardo', 59);
INSERT INTO `parishes` (`id`, `name`, `municipality_id`) VALUES (196, 'Santa Rosa', 59);
INSERT INTO `parishes` (`id`, `name`, `municipality_id`) VALUES (197, 'Ciudad De Nutrias', 60);
INSERT INTO `parishes` (`id`, `name`, `municipality_id`) VALUES (198, 'El Regalo', 60);
INSERT INTO `parishes` (`id`, `name`, `municipality_id`) VALUES (199, 'Puerto De Nutrias', 60);
INSERT INTO `parishes` (`id`, `name`, `municipality_id`) VALUES (200, 'Santa Catalina', 60);
INSERT INTO `parishes` (`id`, `name`, `municipality_id`) VALUES (201, 'Arismendi', 61);
INSERT INTO `parishes` (`id`, `name`, `municipality_id`) VALUES (202, 'Guadarrama', 61);
INSERT INTO `parishes` (`id`, `name`, `municipality_id`) VALUES (203, 'La Union', 61);
INSERT INTO `parishes` (`id`, `name`, `municipality_id`) VALUES (204, 'San Antonio', 61);
INSERT INTO `parishes` (`id`, `name`, `municipality_id`) VALUES (205, 'Barrancas', 62);
INSERT INTO `parishes` (`id`, `name`, `municipality_id`) VALUES (206, 'El Socorro', 62);
INSERT INTO `parishes` (`id`, `name`, `municipality_id`) VALUES (207, 'Masparrito', 62);
INSERT INTO `parishes` (`id`, `name`, `municipality_id`) VALUES (208, 'Ciudad Bolivia', 63);
INSERT INTO `parishes` (`id`, `name`, `municipality_id`) VALUES (209, 'Ignacio Briceño', 63);
INSERT INTO `parishes` (`id`, `name`, `municipality_id`) VALUES (210, 'Jose Felix Ribas', 63);
INSERT INTO `parishes` (`id`, `name`, `municipality_id`) VALUES (211, 'Paez', 63);
INSERT INTO `parishes` (`id`, `name`, `municipality_id`) VALUES (212, 'Obispos', 64);
INSERT INTO `parishes` (`id`, `name`, `municipality_id`) VALUES (213, 'El Real', 64);
INSERT INTO `parishes` (`id`, `name`, `municipality_id`) VALUES (214, 'La Luz', 64);
INSERT INTO `parishes` (`id`, `name`, `municipality_id`) VALUES (215, 'Los Guasimitos', 64);
INSERT INTO `parishes` (`id`, `name`, `municipality_id`) VALUES (216, 'Sabaneta', 65);
INSERT INTO `parishes` (`id`, `name`, `municipality_id`) VALUES (217, 'Rodriguez Dominguez', 65);
INSERT INTO `parishes` (`id`, `name`, `municipality_id`) VALUES (218, 'Barinitas', 66);
INSERT INTO `parishes` (`id`, `name`, `municipality_id`) VALUES (219, 'Altamira', 66);
INSERT INTO `parishes` (`id`, `name`, `municipality_id`) VALUES (220, 'Calderas', 66);
INSERT INTO `parishes` (`id`, `name`, `municipality_id`) VALUES (221, 'Seccion Capital Gran Sabana', 67);
INSERT INTO `parishes` (`id`, `name`, `municipality_id`) VALUES (222, 'Ikabaru', 67);
INSERT INTO `parishes` (`id`, `name`, `municipality_id`) VALUES (223, 'Agua Salada', 68);
INSERT INTO `parishes` (`id`, `name`, `municipality_id`) VALUES (224, 'Catedral', 68);
INSERT INTO `parishes` (`id`, `name`, `municipality_id`) VALUES (225, 'Jose Antonio Paez', 68);
INSERT INTO `parishes` (`id`, `name`, `municipality_id`) VALUES (226, 'La Sabanita', 68);
INSERT INTO `parishes` (`id`, `name`, `municipality_id`) VALUES (227, 'Marhuanta', 68);
INSERT INTO `parishes` (`id`, `name`, `municipality_id`) VALUES (228, 'Vista Hermosa', 68);
INSERT INTO `parishes` (`id`, `name`, `municipality_id`) VALUES (229, 'Orinoco', 68);
INSERT INTO `parishes` (`id`, `name`, `municipality_id`) VALUES (230, 'Panapana', 68);
INSERT INTO `parishes` (`id`, `name`, `municipality_id`) VALUES (231, 'Zea', 68);
INSERT INTO `parishes` (`id`, `name`, `municipality_id`) VALUES (232, 'Seccion Capital Sucre', 69);
INSERT INTO `parishes` (`id`, `name`, `municipality_id`) VALUES (233, 'Aripao', 69);
INSERT INTO `parishes` (`id`, `name`, `municipality_id`) VALUES (234, 'Guarataro', 69);
INSERT INTO `parishes` (`id`, `name`, `municipality_id`) VALUES (235, 'Las Majadas', 69);
INSERT INTO `parishes` (`id`, `name`, `municipality_id`) VALUES (236, 'Moitaco', 69);
INSERT INTO `parishes` (`id`, `name`, `municipality_id`) VALUES (237, 'No Tiene Parroquia (Capital El Palmar)', 70);
INSERT INTO `parishes` (`id`, `name`, `municipality_id`) VALUES (238, 'Seccion Capital Piar', 71);
INSERT INTO `parishes` (`id`, `name`, `municipality_id`) VALUES (239, 'Andre Eloy Blanco', 71);
INSERT INTO `parishes` (`id`, `name`, `municipality_id`) VALUES (240, 'Pedro Cova', 71);
INSERT INTO `parishes` (`id`, `name`, `municipality_id`) VALUES (241, 'Seccion Capital Cedeno', 72);
INSERT INTO `parishes` (`id`, `name`, `municipality_id`) VALUES (242, 'Altagracia', 72);
INSERT INTO `parishes` (`id`, `name`, `municipality_id`) VALUES (243, 'Ascension Farreras', 72);
INSERT INTO `parishes` (`id`, `name`, `municipality_id`) VALUES (244, 'Guaniamo', 72);
INSERT INTO `parishes` (`id`, `name`, `municipality_id`) VALUES (245, 'La Urbana', 72);
INSERT INTO `parishes` (`id`, `name`, `municipality_id`) VALUES (246, 'Pijiguaos', 72);
INSERT INTO `parishes` (`id`, `name`, `municipality_id`) VALUES (247, 'Seccion Capital Sifontes', 73);
INSERT INTO `parishes` (`id`, `name`, `municipality_id`) VALUES (248, 'Dalla Costa', 73);
INSERT INTO `parishes` (`id`, `name`, `municipality_id`) VALUES (249, 'San Isidro', 73);
INSERT INTO `parishes` (`id`, `name`, `municipality_id`) VALUES (250, 'Seccion Capital Roscio', 74);
INSERT INTO `parishes` (`id`, `name`, `municipality_id`) VALUES (251, 'Salom', 74);
INSERT INTO `parishes` (`id`, `name`, `municipality_id`) VALUES (252, 'No Tiene Parroquia (Capital El Callao)', 75);
INSERT INTO `parishes` (`id`, `name`, `municipality_id`) VALUES (253, 'Cachamay', 76);
INSERT INTO `parishes` (`id`, `name`, `municipality_id`) VALUES (254, 'Chirica', 76);
INSERT INTO `parishes` (`id`, `name`, `municipality_id`) VALUES (255, 'Dalla Costa', 76);
INSERT INTO `parishes` (`id`, `name`, `municipality_id`) VALUES (256, 'Once De Abril', 76);
INSERT INTO `parishes` (`id`, `name`, `municipality_id`) VALUES (257, 'Simon Bolivar', 76);
INSERT INTO `parishes` (`id`, `name`, `municipality_id`) VALUES (258, 'Unare', 76);
INSERT INTO `parishes` (`id`, `name`, `municipality_id`) VALUES (259, 'Universidad', 76);
INSERT INTO `parishes` (`id`, `name`, `municipality_id`) VALUES (260, 'Vista Al Sol', 76);
INSERT INTO `parishes` (`id`, `name`, `municipality_id`) VALUES (261, 'Pozo Verde', 76);
INSERT INTO `parishes` (`id`, `name`, `municipality_id`) VALUES (262, 'Yocoima', 76);
INSERT INTO `parishes` (`id`, `name`, `municipality_id`) VALUES (263, 'Cinco De Julio', 76);
INSERT INTO `parishes` (`id`, `name`, `municipality_id`) VALUES (264, 'Seccion Capital Angostura', 77);
INSERT INTO `parishes` (`id`, `name`, `municipality_id`) VALUES (265, 'Barceloneta', 77);
INSERT INTO `parishes` (`id`, `name`, `municipality_id`) VALUES (266, 'San Francisco', 77);
INSERT INTO `parishes` (`id`, `name`, `municipality_id`) VALUES (267, 'Santa Barbara', 77);
INSERT INTO `parishes` (`id`, `name`, `municipality_id`) VALUES (268, 'Urbana Miranda', 78);
INSERT INTO `parishes` (`id`, `name`, `municipality_id`) VALUES (269, 'Urbana Bejuma', 79);
INSERT INTO `parishes` (`id`, `name`, `municipality_id`) VALUES (270, 'No Urbana Canoabo', 79);
INSERT INTO `parishes` (`id`, `name`, `municipality_id`) VALUES (271, 'No Urbana Simon Bolivar', 79);
INSERT INTO `parishes` (`id`, `name`, `municipality_id`) VALUES (272, 'Urbana San Diego', 80);
INSERT INTO `parishes` (`id`, `name`, `municipality_id`) VALUES (273, 'Urbana Aguas Calientes', 81);
INSERT INTO `parishes` (`id`, `name`, `municipality_id`) VALUES (274, 'Urbana Mariara', 81);
INSERT INTO `parishes` (`id`, `name`, `municipality_id`) VALUES (275, 'Urbana Moron', 82);
INSERT INTO `parishes` (`id`, `name`, `municipality_id`) VALUES (276, 'No Urbana Urama', 82);
INSERT INTO `parishes` (`id`, `name`, `municipality_id`) VALUES (277, 'Urbana Güigüe', 83);
INSERT INTO `parishes` (`id`, `name`, `municipality_id`) VALUES (278, 'No Urbana Belen', 83);
INSERT INTO `parishes` (`id`, `name`, `municipality_id`) VALUES (279, 'No Urbana Tacarigua', 83);
INSERT INTO `parishes` (`id`, `name`, `municipality_id`) VALUES (280, 'Urbana Bartolome Salom', 84);
INSERT INTO `parishes` (`id`, `name`, `municipality_id`) VALUES (281, 'Urbana Democracia', 84);
INSERT INTO `parishes` (`id`, `name`, `municipality_id`) VALUES (282, 'Urbana Fraternidad', 84);
INSERT INTO `parishes` (`id`, `name`, `municipality_id`) VALUES (283, 'Urbana Goaigoaza', 84);
INSERT INTO `parishes` (`id`, `name`, `municipality_id`) VALUES (284, 'Urbana Juan Jose Flores', 84);
INSERT INTO `parishes` (`id`, `name`, `municipality_id`) VALUES (285, 'Urbana Union', 84);
INSERT INTO `parishes` (`id`, `name`, `municipality_id`) VALUES (286, 'No Urbana Borburata', 84);
INSERT INTO `parishes` (`id`, `name`, `municipality_id`) VALUES (287, 'No Urbana Patanemo', 84);
INSERT INTO `parishes` (`id`, `name`, `municipality_id`) VALUES (288, 'Urbana Naguanagua', 85);
INSERT INTO `parishes` (`id`, `name`, `municipality_id`) VALUES (289, 'Urbana Candelaria', 86);
INSERT INTO `parishes` (`id`, `name`, `municipality_id`) VALUES (290, 'Urbana Catedral', 86);
INSERT INTO `parishes` (`id`, `name`, `municipality_id`) VALUES (291, 'Urbana El Socorro', 86);
INSERT INTO `parishes` (`id`, `name`, `municipality_id`) VALUES (292, 'Urbana Miguel Peña', 86);
INSERT INTO `parishes` (`id`, `name`, `municipality_id`) VALUES (293, 'Urbana Rafael Urdaneta', 86);
INSERT INTO `parishes` (`id`, `name`, `municipality_id`) VALUES (294, 'Urbana San Blas', 86);
INSERT INTO `parishes` (`id`, `name`, `municipality_id`) VALUES (295, 'Urbana San Jose', 86);
INSERT INTO `parishes` (`id`, `name`, `municipality_id`) VALUES (296, 'Urbana Santa Rosa', 86);
INSERT INTO `parishes` (`id`, `name`, `municipality_id`) VALUES (297, 'No Urbana Negro Primero', 86);
INSERT INTO `parishes` (`id`, `name`, `municipality_id`) VALUES (298, 'Urbana Tocuyito', 87);
INSERT INTO `parishes` (`id`, `name`, `municipality_id`) VALUES (299, 'Urbana Independencia', 87);
INSERT INTO `parishes` (`id`, `name`, `municipality_id`) VALUES (300, 'Urbana Los Guayos', 88);
INSERT INTO `parishes` (`id`, `name`, `municipality_id`) VALUES (301, 'Urbana Ciudad Alianza', 89);
INSERT INTO `parishes` (`id`, `name`, `municipality_id`) VALUES (302, 'Urbana Guacara', 89);
INSERT INTO `parishes` (`id`, `name`, `municipality_id`) VALUES (303, 'No Urbana Yagua', 89);
INSERT INTO `parishes` (`id`, `name`, `municipality_id`) VALUES (304, 'Urbana Montalban', 90);
INSERT INTO `parishes` (`id`, `name`, `municipality_id`) VALUES (305, 'Urbana San Joaquin', 91);
INSERT INTO `parishes` (`id`, `name`, `municipality_id`) VALUES (306, 'El Pao', 92);
INSERT INTO `parishes` (`id`, `name`, `municipality_id`) VALUES (307, 'Romulo Gallegos', 93);
INSERT INTO `parishes` (`id`, `name`, `municipality_id`) VALUES (308, 'San Carlos De Austria', 94);
INSERT INTO `parishes` (`id`, `name`, `municipality_id`) VALUES (309, 'Juan ├Üngel Bravo', 94);
INSERT INTO `parishes` (`id`, `name`, `municipality_id`) VALUES (310, 'Manuel Manrique', 94);
INSERT INTO `parishes` (`id`, `name`, `municipality_id`) VALUES (311, 'Libertad De Cojedes', 95);
INSERT INTO `parishes` (`id`, `name`, `municipality_id`) VALUES (312, 'El Amparo', 95);
INSERT INTO `parishes` (`id`, `name`, `municipality_id`) VALUES (313, 'General En Jefe Jose Laurencio Silva', 96);
INSERT INTO `parishes` (`id`, `name`, `municipality_id`) VALUES (314, 'Macapo', 97);
INSERT INTO `parishes` (`id`, `name`, `municipality_id`) VALUES (315, 'La Aguadita', 97);
INSERT INTO `parishes` (`id`, `name`, `municipality_id`) VALUES (316, 'Tinaquillo', 98);
INSERT INTO `parishes` (`id`, `name`, `municipality_id`) VALUES (317, 'Cojedes', 99);
INSERT INTO `parishes` (`id`, `name`, `municipality_id`) VALUES (318, 'Juan De Mata Suarez', 99);
INSERT INTO `parishes` (`id`, `name`, `municipality_id`) VALUES (319, 'El Baul', 100);
INSERT INTO `parishes` (`id`, `name`, `municipality_id`) VALUES (320, 'Sucre', 100);
INSERT INTO `parishes` (`id`, `name`, `municipality_id`) VALUES (321, 'Imataca', 101);
INSERT INTO `parishes` (`id`, `name`, `municipality_id`) VALUES (322, 'Juan Bautista Arismendi', 101);
INSERT INTO `parishes` (`id`, `name`, `municipality_id`) VALUES (323, 'Manuel Piar', 101);
INSERT INTO `parishes` (`id`, `name`, `municipality_id`) VALUES (324, 'Romulo Gallegos', 101);
INSERT INTO `parishes` (`id`, `name`, `municipality_id`) VALUES (325, 'Pedernales', 102);
INSERT INTO `parishes` (`id`, `name`, `municipality_id`) VALUES (326, 'Luis Beltran Prieto Figueroa', 102);
INSERT INTO `parishes` (`id`, `name`, `municipality_id`) VALUES (327, 'San Jose', 103);
INSERT INTO `parishes` (`id`, `name`, `municipality_id`) VALUES (328, 'Jose Vidal Marcano', 103);
INSERT INTO `parishes` (`id`, `name`, `municipality_id`) VALUES (329, 'Juan Millan', 103);
INSERT INTO `parishes` (`id`, `name`, `municipality_id`) VALUES (330, 'Leonardo Ruiz Pineda', 103);
INSERT INTO `parishes` (`id`, `name`, `municipality_id`) VALUES (331, 'Mariscal Antonio Jose De Sucre', 103);
INSERT INTO `parishes` (`id`, `name`, `municipality_id`) VALUES (332, 'Monseñor Argimiro Garcia', 103);
INSERT INTO `parishes` (`id`, `name`, `municipality_id`) VALUES (333, 'San Rafael', 103);
INSERT INTO `parishes` (`id`, `name`, `municipality_id`) VALUES (334, 'Virgen Del Valle', 103);
INSERT INTO `parishes` (`id`, `name`, `municipality_id`) VALUES (335, 'Curiapo', 104);
INSERT INTO `parishes` (`id`, `name`, `municipality_id`) VALUES (336, 'Almirante Luis Brion', 104);
INSERT INTO `parishes` (`id`, `name`, `municipality_id`) VALUES (337, 'Francisco Aniceto Lugo', 104);
INSERT INTO `parishes` (`id`, `name`, `municipality_id`) VALUES (338, 'Manuel Renaud', 104);
INSERT INTO `parishes` (`id`, `name`, `municipality_id`) VALUES (339, 'Padre Barral', 104);
INSERT INTO `parishes` (`id`, `name`, `municipality_id`) VALUES (340, 'Santos De Abelgas', 104);
INSERT INTO `parishes` (`id`, `name`, `municipality_id`) VALUES (341, 'No Tiene Parroquia (Capital Dabajuro)', 105);
INSERT INTO `parishes` (`id`, `name`, `municipality_id`) VALUES (342, 'Pedregal', 106);
INSERT INTO `parishes` (`id`, `name`, `municipality_id`) VALUES (343, 'Agua Clara', 106);
INSERT INTO `parishes` (`id`, `name`, `municipality_id`) VALUES (344, 'Avaria', 106);
INSERT INTO `parishes` (`id`, `name`, `municipality_id`) VALUES (345, 'Piedra Grande', 106);
INSERT INTO `parishes` (`id`, `name`, `municipality_id`) VALUES (346, 'Purureche', 106);
INSERT INTO `parishes` (`id`, `name`, `municipality_id`) VALUES (347, 'Pueblo Nuevo', 107);
INSERT INTO `parishes` (`id`, `name`, `municipality_id`) VALUES (348, 'Adicora', 107);
INSERT INTO `parishes` (`id`, `name`, `municipality_id`) VALUES (349, 'Baraived', 107);
INSERT INTO `parishes` (`id`, `name`, `municipality_id`) VALUES (350, 'Buena Vista', 107);
INSERT INTO `parishes` (`id`, `name`, `municipality_id`) VALUES (351, 'Jadacaquiva', 107);
INSERT INTO `parishes` (`id`, `name`, `municipality_id`) VALUES (352, 'Moruy', 107);
INSERT INTO `parishes` (`id`, `name`, `municipality_id`) VALUES (353, 'Adaure', 107);
INSERT INTO `parishes` (`id`, `name`, `municipality_id`) VALUES (354, 'El Hato', 107);
INSERT INTO `parishes` (`id`, `name`, `municipality_id`) VALUES (355, 'El Vinculo', 107);
INSERT INTO `parishes` (`id`, `name`, `municipality_id`) VALUES (356, 'Carirubana', 108);
INSERT INTO `parishes` (`id`, `name`, `municipality_id`) VALUES (357, 'Norte', 108);
INSERT INTO `parishes` (`id`, `name`, `municipality_id`) VALUES (358, 'Punta Cardon', 108);
INSERT INTO `parishes` (`id`, `name`, `municipality_id`) VALUES (359, 'Santa Ana', 108);
INSERT INTO `parishes` (`id`, `name`, `municipality_id`) VALUES (360, 'La Vela De Coro', 109);
INSERT INTO `parishes` (`id`, `name`, `municipality_id`) VALUES (361, 'Acurigua', 109);
INSERT INTO `parishes` (`id`, `name`, `municipality_id`) VALUES (362, 'Guaibacoa', 109);
INSERT INTO `parishes` (`id`, `name`, `municipality_id`) VALUES (363, 'Las Calderas', 109);
INSERT INTO `parishes` (`id`, `name`, `municipality_id`) VALUES (364, 'Macoruca', 109);
INSERT INTO `parishes` (`id`, `name`, `municipality_id`) VALUES (365, 'Churuguara', 110);
INSERT INTO `parishes` (`id`, `name`, `municipality_id`) VALUES (366, 'Agua Larga', 110);
INSERT INTO `parishes` (`id`, `name`, `municipality_id`) VALUES (367, 'El Pauji', 110);
INSERT INTO `parishes` (`id`, `name`, `municipality_id`) VALUES (368, 'Independencia', 110);
INSERT INTO `parishes` (`id`, `name`, `municipality_id`) VALUES (369, 'Maparari', 110);
INSERT INTO `parishes` (`id`, `name`, `municipality_id`) VALUES (370, 'Mene De Mauroa', 111);
INSERT INTO `parishes` (`id`, `name`, `municipality_id`) VALUES (371, 'Casigua', 111);
INSERT INTO `parishes` (`id`, `name`, `municipality_id`) VALUES (372, 'San Felix', 111);
INSERT INTO `parishes` (`id`, `name`, `municipality_id`) VALUES (373, 'San Juan De Los Cayos', 112);
INSERT INTO `parishes` (`id`, `name`, `municipality_id`) VALUES (374, 'Capadare', 112);
INSERT INTO `parishes` (`id`, `name`, `municipality_id`) VALUES (375, 'La Pastora', 112);
INSERT INTO `parishes` (`id`, `name`, `municipality_id`) VALUES (376, 'Libertador', 112);
INSERT INTO `parishes` (`id`, `name`, `municipality_id`) VALUES (377, 'San Antonio', 113);
INSERT INTO `parishes` (`id`, `name`, `municipality_id`) VALUES (378, 'San Gabriel', 113);
INSERT INTO `parishes` (`id`, `name`, `municipality_id`) VALUES (379, 'Santa Ana', 113);
INSERT INTO `parishes` (`id`, `name`, `municipality_id`) VALUES (380, 'Guzman Guillermo', 113);
INSERT INTO `parishes` (`id`, `name`, `municipality_id`) VALUES (381, 'Mitare', 113);
INSERT INTO `parishes` (`id`, `name`, `municipality_id`) VALUES (382, 'Rio Seco', 113);
INSERT INTO `parishes` (`id`, `name`, `municipality_id`) VALUES (383, 'Sabaneta', 113);
INSERT INTO `parishes` (`id`, `name`, `municipality_id`) VALUES (384, 'Chichiriviche', 114);
INSERT INTO `parishes` (`id`, `name`, `municipality_id`) VALUES (385, 'Boca De Tocuyo', 114);
INSERT INTO `parishes` (`id`, `name`, `municipality_id`) VALUES (386, 'Tocuyo De La Costa', 114);
INSERT INTO `parishes` (`id`, `name`, `municipality_id`) VALUES (387, 'Piritu', 115);
INSERT INTO `parishes` (`id`, `name`, `municipality_id`) VALUES (388, 'San Jose De La Costa', 115);
INSERT INTO `parishes` (`id`, `name`, `municipality_id`) VALUES (389, 'No Tiene Parroquia (Capital Palmasola)', 116);
INSERT INTO `parishes` (`id`, `name`, `municipality_id`) VALUES (390, 'Tucacas', 117);
INSERT INTO `parishes` (`id`, `name`, `municipality_id`) VALUES (391, 'Boca De Aroa', 117);
INSERT INTO `parishes` (`id`, `name`, `municipality_id`) VALUES (392, 'Capatarida', 118);
INSERT INTO `parishes` (`id`, `name`, `municipality_id`) VALUES (393, 'Bariro', 118);
INSERT INTO `parishes` (`id`, `name`, `municipality_id`) VALUES (394, 'Borojo', 118);
INSERT INTO `parishes` (`id`, `name`, `municipality_id`) VALUES (395, 'Guajiro', 118);
INSERT INTO `parishes` (`id`, `name`, `municipality_id`) VALUES (396, 'Seque', 118);
INSERT INTO `parishes` (`id`, `name`, `municipality_id`) VALUES (397, 'Zazarida', 118);
INSERT INTO `parishes` (`id`, `name`, `municipality_id`) VALUES (398, 'Jacura', 119);
INSERT INTO `parishes` (`id`, `name`, `municipality_id`) VALUES (399, 'Agua Linda', 119);
INSERT INTO `parishes` (`id`, `name`, `municipality_id`) VALUES (400, 'Araurima', 119);
INSERT INTO `parishes` (`id`, `name`, `municipality_id`) VALUES (401, 'No Tiene Parroquia (Capital Mirimire)', 120);
INSERT INTO `parishes` (`id`, `name`, `municipality_id`) VALUES (402, 'No Tiene Parroquia (Capital Tocopero)', 121);
INSERT INTO `parishes` (`id`, `name`, `municipality_id`) VALUES (403, 'Urumaco', 122);
INSERT INTO `parishes` (`id`, `name`, `municipality_id`) VALUES (404, 'Bruzual', 122);
INSERT INTO `parishes` (`id`, `name`, `municipality_id`) VALUES (405, 'Puerto Cumarebo', 123);
INSERT INTO `parishes` (`id`, `name`, `municipality_id`) VALUES (406, 'La Cienaga', 123);
INSERT INTO `parishes` (`id`, `name`, `municipality_id`) VALUES (407, 'La Soledad', 123);
INSERT INTO `parishes` (`id`, `name`, `municipality_id`) VALUES (408, 'Pueblo Cumarebo', 123);
INSERT INTO `parishes` (`id`, `name`, `municipality_id`) VALUES (409, 'Zazarida', 123);
INSERT INTO `parishes` (`id`, `name`, `municipality_id`) VALUES (410, 'Cabure', 124);
INSERT INTO `parishes` (`id`, `name`, `municipality_id`) VALUES (411, 'Colina', 124);
INSERT INTO `parishes` (`id`, `name`, `municipality_id`) VALUES (412, 'Curimagua', 124);
INSERT INTO `parishes` (`id`, `name`, `municipality_id`) VALUES (413, 'Sucre', 125);
INSERT INTO `parishes` (`id`, `name`, `municipality_id`) VALUES (414, 'Pecaya', 125);
INSERT INTO `parishes` (`id`, `name`, `municipality_id`) VALUES (415, 'Santa Cruz De Bucaral', 126);
INSERT INTO `parishes` (`id`, `name`, `municipality_id`) VALUES (416, 'El Charal', 126);
INSERT INTO `parishes` (`id`, `name`, `municipality_id`) VALUES (417, 'Las Vegas Del Tuy', 126);
INSERT INTO `parishes` (`id`, `name`, `municipality_id`) VALUES (418, 'San Luis', 127);
INSERT INTO `parishes` (`id`, `name`, `municipality_id`) VALUES (419, 'Aracua', 127);
INSERT INTO `parishes` (`id`, `name`, `municipality_id`) VALUES (420, 'La Peña', 127);
INSERT INTO `parishes` (`id`, `name`, `municipality_id`) VALUES (421, 'No Tiene Parroquia (Capital Yaracal)', 128);
INSERT INTO `parishes` (`id`, `name`, `municipality_id`) VALUES (422, 'Los Taques', 129);
INSERT INTO `parishes` (`id`, `name`, `municipality_id`) VALUES (423, 'Judibana', 129);
INSERT INTO `parishes` (`id`, `name`, `municipality_id`) VALUES (424, 'San Jose De Guaribe', 130);
INSERT INTO `parishes` (`id`, `name`, `municipality_id`) VALUES (425, 'Capital Camaguan', 131);
INSERT INTO `parishes` (`id`, `name`, `municipality_id`) VALUES (426, 'Puerto Miranda', 131);
INSERT INTO `parishes` (`id`, `name`, `municipality_id`) VALUES (427, 'Uverito', 131);
INSERT INTO `parishes` (`id`, `name`, `municipality_id`) VALUES (428, 'Capital El Sombrero', 132);
INSERT INTO `parishes` (`id`, `name`, `municipality_id`) VALUES (429, 'Sosa', 132);
INSERT INTO `parishes` (`id`, `name`, `municipality_id`) VALUES (430, 'Capital Santa Maria De Ipire', 133);
INSERT INTO `parishes` (`id`, `name`, `municipality_id`) VALUES (431, 'Altamira', 133);
INSERT INTO `parishes` (`id`, `name`, `municipality_id`) VALUES (432, 'Chaguaramas', 134);
INSERT INTO `parishes` (`id`, `name`, `municipality_id`) VALUES (433, 'Capital San Geronimo De Guayabal', 135);
INSERT INTO `parishes` (`id`, `name`, `municipality_id`) VALUES (434, 'Cazorla', 135);
INSERT INTO `parishes` (`id`, `name`, `municipality_id`) VALUES (435, 'Capital San Juan De Los Morros', 136);
INSERT INTO `parishes` (`id`, `name`, `municipality_id`) VALUES (436, 'Cantagallo', 136);
INSERT INTO `parishes` (`id`, `name`, `municipality_id`) VALUES (437, 'Parapara', 136);
INSERT INTO `parishes` (`id`, `name`, `municipality_id`) VALUES (438, 'Capital Tucupido', 137);
INSERT INTO `parishes` (`id`, `name`, `municipality_id`) VALUES (439, 'San Rafael De Laya', 137);
INSERT INTO `parishes` (`id`, `name`, `municipality_id`) VALUES (440, 'Capital Las Mercedes', 138);
INSERT INTO `parishes` (`id`, `name`, `municipality_id`) VALUES (441, 'Cabruta', 138);
INSERT INTO `parishes` (`id`, `name`, `municipality_id`) VALUES (442, 'Santa Rita De Manapire', 138);
INSERT INTO `parishes` (`id`, `name`, `municipality_id`) VALUES (443, 'Capital Zaraza', 139);
INSERT INTO `parishes` (`id`, `name`, `municipality_id`) VALUES (444, 'San Jose De Unare', 139);
INSERT INTO `parishes` (`id`, `name`, `municipality_id`) VALUES (445, 'Capital Ortiz', 140);
INSERT INTO `parishes` (`id`, `name`, `municipality_id`) VALUES (446, 'San Francisco De Tiznado', 140);
INSERT INTO `parishes` (`id`, `name`, `municipality_id`) VALUES (447, 'San Jose De Tiznado', 140);
INSERT INTO `parishes` (`id`, `name`, `municipality_id`) VALUES (448, 'San Lorenzo De Tiznado', 140);
INSERT INTO `parishes` (`id`, `name`, `municipality_id`) VALUES (449, 'Capital Altagracia De Orituco', 141);
INSERT INTO `parishes` (`id`, `name`, `municipality_id`) VALUES (450, 'Lezama', 141);
INSERT INTO `parishes` (`id`, `name`, `municipality_id`) VALUES (451, 'Libertad De Orituco', 141);
INSERT INTO `parishes` (`id`, `name`, `municipality_id`) VALUES (452, 'Paso Real De Macaira', 141);
INSERT INTO `parishes` (`id`, `name`, `municipality_id`) VALUES (453, 'San Francisco De Macaira', 141);
INSERT INTO `parishes` (`id`, `name`, `municipality_id`) VALUES (454, 'San Rafael De Orituco', 141);
INSERT INTO `parishes` (`id`, `name`, `municipality_id`) VALUES (455, 'Soublette', 141);
INSERT INTO `parishes` (`id`, `name`, `municipality_id`) VALUES (456, 'Capital Valle De La Pascua', 142);
INSERT INTO `parishes` (`id`, `name`, `municipality_id`) VALUES (457, 'Espino', 142);
INSERT INTO `parishes` (`id`, `name`, `municipality_id`) VALUES (458, 'Capital Calabozo', 143);
INSERT INTO `parishes` (`id`, `name`, `municipality_id`) VALUES (459, 'El Calvario', 143);
INSERT INTO `parishes` (`id`, `name`, `municipality_id`) VALUES (460, 'El Rastro', 143);
INSERT INTO `parishes` (`id`, `name`, `municipality_id`) VALUES (461, 'Guardatinajas', 143);
INSERT INTO `parishes` (`id`, `name`, `municipality_id`) VALUES (462, 'El Socorro', 144);
INSERT INTO `parishes` (`id`, `name`, `municipality_id`) VALUES (463, 'Juan Bautista Rodriguez', 145);
INSERT INTO `parishes` (`id`, `name`, `municipality_id`) VALUES (464, 'Cuara', 145);
INSERT INTO `parishes` (`id`, `name`, `municipality_id`) VALUES (465, 'Diego De Lozada', 145);
INSERT INTO `parishes` (`id`, `name`, `municipality_id`) VALUES (466, 'Paraiso De San Jose', 145);
INSERT INTO `parishes` (`id`, `name`, `municipality_id`) VALUES (467, 'San Miguel', 145);
INSERT INTO `parishes` (`id`, `name`, `municipality_id`) VALUES (468, 'Tintorero', 145);
INSERT INTO `parishes` (`id`, `name`, `municipality_id`) VALUES (469, 'Jose Bernardo Dorante', 145);
INSERT INTO `parishes` (`id`, `name`, `municipality_id`) VALUES (470, 'Coronel Mariano Peraza', 145);
INSERT INTO `parishes` (`id`, `name`, `municipality_id`) VALUES (471, 'Siquisique', 146);
INSERT INTO `parishes` (`id`, `name`, `municipality_id`) VALUES (472, 'Moroturo', 146);
INSERT INTO `parishes` (`id`, `name`, `municipality_id`) VALUES (473, 'San Miguel', 146);
INSERT INTO `parishes` (`id`, `name`, `municipality_id`) VALUES (474, 'Xaguas', 146);
INSERT INTO `parishes` (`id`, `name`, `municipality_id`) VALUES (475, 'Pio Tamayo', 147);
INSERT INTO `parishes` (`id`, `name`, `municipality_id`) VALUES (476, 'Quebrada Honda De Guache', 147);
INSERT INTO `parishes` (`id`, `name`, `municipality_id`) VALUES (477, 'Yacambu', 147);
INSERT INTO `parishes` (`id`, `name`, `municipality_id`) VALUES (478, 'Sarare', 148);
INSERT INTO `parishes` (`id`, `name`, `municipality_id`) VALUES (479, 'Buria', 148);
INSERT INTO `parishes` (`id`, `name`, `municipality_id`) VALUES (480, 'Gustavo Vegas Leon', 148);
INSERT INTO `parishes` (`id`, `name`, `municipality_id`) VALUES (481, 'Catedral', 149);
INSERT INTO `parishes` (`id`, `name`, `municipality_id`) VALUES (482, 'Concepcion', 149);
INSERT INTO `parishes` (`id`, `name`, `municipality_id`) VALUES (483, 'El Cuji', 149);
INSERT INTO `parishes` (`id`, `name`, `municipality_id`) VALUES (484, 'Juan De Villegas', 149);
INSERT INTO `parishes` (`id`, `name`, `municipality_id`) VALUES (485, 'Santa Rosa', 149);
INSERT INTO `parishes` (`id`, `name`, `municipality_id`) VALUES (486, 'Tamaca', 149);
INSERT INTO `parishes` (`id`, `name`, `municipality_id`) VALUES (487, 'Union', 149);
INSERT INTO `parishes` (`id`, `name`, `municipality_id`) VALUES (488, 'Aguedo Felipe Alvarado', 149);
INSERT INTO `parishes` (`id`, `name`, `municipality_id`) VALUES (489, 'Buena Vista', 149);
INSERT INTO `parishes` (`id`, `name`, `municipality_id`) VALUES (490, 'Juarez', 149);
INSERT INTO `parishes` (`id`, `name`, `municipality_id`) VALUES (491, 'Freitez', 150);
INSERT INTO `parishes` (`id`, `name`, `municipality_id`) VALUES (492, 'Jose Maria Blanco', 150);
INSERT INTO `parishes` (`id`, `name`, `municipality_id`) VALUES (493, 'Trinidad Samuel', 151);
INSERT INTO `parishes` (`id`, `name`, `municipality_id`) VALUES (494, 'Antonio Diaz', 151);
INSERT INTO `parishes` (`id`, `name`, `municipality_id`) VALUES (495, 'Camacaro', 151);
INSERT INTO `parishes` (`id`, `name`, `municipality_id`) VALUES (496, 'Castañeda', 151);
INSERT INTO `parishes` (`id`, `name`, `municipality_id`) VALUES (497, 'Cecilio Zubillaga', 151);
INSERT INTO `parishes` (`id`, `name`, `municipality_id`) VALUES (498, 'Chiquinquira', 151);
INSERT INTO `parishes` (`id`, `name`, `municipality_id`) VALUES (499, 'El Blanco', 151);
INSERT INTO `parishes` (`id`, `name`, `municipality_id`) VALUES (500, 'Espinoza De Los Monteros', 151);
INSERT INTO `parishes` (`id`, `name`, `municipality_id`) VALUES (501, 'Lara', 151);
INSERT INTO `parishes` (`id`, `name`, `municipality_id`) VALUES (502, 'Las Mercedes', 151);
INSERT INTO `parishes` (`id`, `name`, `municipality_id`) VALUES (503, 'Manuel Morillo', 151);
INSERT INTO `parishes` (`id`, `name`, `municipality_id`) VALUES (504, 'Montaña Verde', 151);
INSERT INTO `parishes` (`id`, `name`, `municipality_id`) VALUES (505, 'Montes De Oca', 151);
INSERT INTO `parishes` (`id`, `name`, `municipality_id`) VALUES (506, 'Torres', 151);
INSERT INTO `parishes` (`id`, `name`, `municipality_id`) VALUES (507, 'Reyes Vargas', 151);
INSERT INTO `parishes` (`id`, `name`, `municipality_id`) VALUES (508, 'Altagracia', 151);
INSERT INTO `parishes` (`id`, `name`, `municipality_id`) VALUES (509, 'Bolivar', 152);
INSERT INTO `parishes` (`id`, `name`, `municipality_id`) VALUES (510, 'Anzoategui', 152);
INSERT INTO `parishes` (`id`, `name`, `municipality_id`) VALUES (511, 'Guarico', 152);
INSERT INTO `parishes` (`id`, `name`, `municipality_id`) VALUES (512, 'Hilario Luna Y Luna', 152);
INSERT INTO `parishes` (`id`, `name`, `municipality_id`) VALUES (513, 'Humocaro Alto', 152);
INSERT INTO `parishes` (`id`, `name`, `municipality_id`) VALUES (514, 'Humocaro Bajo', 152);
INSERT INTO `parishes` (`id`, `name`, `municipality_id`) VALUES (515, 'La Candelaria', 152);
INSERT INTO `parishes` (`id`, `name`, `municipality_id`) VALUES (516, 'Moran', 152);
INSERT INTO `parishes` (`id`, `name`, `municipality_id`) VALUES (517, 'Cabudare', 153);
INSERT INTO `parishes` (`id`, `name`, `municipality_id`) VALUES (518, 'Jose Gregorio Bastidas', 153);
INSERT INTO `parishes` (`id`, `name`, `municipality_id`) VALUES (519, 'Agua Viva', 153);
INSERT INTO `parishes` (`id`, `name`, `municipality_id`) VALUES (520, 'Capital Aricagua', 154);
INSERT INTO `parishes` (`id`, `name`, `municipality_id`) VALUES (521, 'San Antonio', 154);
INSERT INTO `parishes` (`id`, `name`, `municipality_id`) VALUES (522, 'Presidente Betancourt', 155);
INSERT INTO `parishes` (`id`, `name`, `municipality_id`) VALUES (523, 'Presidente Paez', 155);
INSERT INTO `parishes` (`id`, `name`, `municipality_id`) VALUES (524, 'Presidente Romulo Gallegos', 155);
INSERT INTO `parishes` (`id`, `name`, `municipality_id`) VALUES (525, 'Gabriel Picon Gonzalez', 155);
INSERT INTO `parishes` (`id`, `name`, `municipality_id`) VALUES (526, 'Hector Amable Mora', 155);
INSERT INTO `parishes` (`id`, `name`, `municipality_id`) VALUES (527, 'Jose Nucete Sardi', 155);
INSERT INTO `parishes` (`id`, `name`, `municipality_id`) VALUES (528, 'Pulido Mendez', 155);
INSERT INTO `parishes` (`id`, `name`, `municipality_id`) VALUES (529, 'Capital Caracciolo Parra Olmedo', 156);
INSERT INTO `parishes` (`id`, `name`, `municipality_id`) VALUES (530, 'Florencio Ramirez', 156);
INSERT INTO `parishes` (`id`, `name`, `municipality_id`) VALUES (531, 'Capital Antonio Pinto Salinas', 157);
INSERT INTO `parishes` (`id`, `name`, `municipality_id`) VALUES (532, 'Mesa Bolivar', 157);
INSERT INTO `parishes` (`id`, `name`, `municipality_id`) VALUES (533, 'Mesa De Las Palmas', 157);
INSERT INTO `parishes` (`id`, `name`, `municipality_id`) VALUES (534, 'Capital Arzobispo Chacon', 158);
INSERT INTO `parishes` (`id`, `name`, `municipality_id`) VALUES (535, 'Capuri', 158);
INSERT INTO `parishes` (`id`, `name`, `municipality_id`) VALUES (536, 'Chacanta', 158);
INSERT INTO `parishes` (`id`, `name`, `municipality_id`) VALUES (537, 'El Molino', 158);
INSERT INTO `parishes` (`id`, `name`, `municipality_id`) VALUES (538, 'Guaimaral', 158);
INSERT INTO `parishes` (`id`, `name`, `municipality_id`) VALUES (539, 'Mucutuy', 158);
INSERT INTO `parishes` (`id`, `name`, `municipality_id`) VALUES (540, 'Mucuchachi', 158);
INSERT INTO `parishes` (`id`, `name`, `municipality_id`) VALUES (541, 'Antonio Spinetti Dini', 159);
INSERT INTO `parishes` (`id`, `name`, `municipality_id`) VALUES (542, 'Arias', 159);
INSERT INTO `parishes` (`id`, `name`, `municipality_id`) VALUES (543, 'Caracciolo Parra Perez', 159);
INSERT INTO `parishes` (`id`, `name`, `municipality_id`) VALUES (544, 'Domingo Peña', 159);
INSERT INTO `parishes` (`id`, `name`, `municipality_id`) VALUES (545, 'El Llano', 159);
INSERT INTO `parishes` (`id`, `name`, `municipality_id`) VALUES (546, 'Gonzalo Picon Febres', 159);
INSERT INTO `parishes` (`id`, `name`, `municipality_id`) VALUES (547, 'Jacinto Plaza', 159);
INSERT INTO `parishes` (`id`, `name`, `municipality_id`) VALUES (548, 'Juan Rodriguez Suarez', 159);
INSERT INTO `parishes` (`id`, `name`, `municipality_id`) VALUES (549, 'Lasso De La Vega', 159);
INSERT INTO `parishes` (`id`, `name`, `municipality_id`) VALUES (550, 'Mariano Picon Salas', 159);
INSERT INTO `parishes` (`id`, `name`, `municipality_id`) VALUES (551, 'Milla', 159);
INSERT INTO `parishes` (`id`, `name`, `municipality_id`) VALUES (552, 'Osuna Rodriguez', 159);
INSERT INTO `parishes` (`id`, `name`, `municipality_id`) VALUES (553, 'Sagrario', 159);
INSERT INTO `parishes` (`id`, `name`, `municipality_id`) VALUES (554, 'El Morro', 159);
INSERT INTO `parishes` (`id`, `name`, `municipality_id`) VALUES (555, 'Los Nevados', 159);
INSERT INTO `parishes` (`id`, `name`, `municipality_id`) VALUES (556, 'Capital Obispo Ramos De Lora', 160);
INSERT INTO `parishes` (`id`, `name`, `municipality_id`) VALUES (557, 'Eloy Paredes', 160);
INSERT INTO `parishes` (`id`, `name`, `municipality_id`) VALUES (558, 'San Rafael De Alcazar', 160);
INSERT INTO `parishes` (`id`, `name`, `municipality_id`) VALUES (559, 'Capital Guaraque', 161);
INSERT INTO `parishes` (`id`, `name`, `municipality_id`) VALUES (560, 'Mesa De Quintero', 161);
INSERT INTO `parishes` (`id`, `name`, `municipality_id`) VALUES (561, 'Rio Negro', 161);
INSERT INTO `parishes` (`id`, `name`, `municipality_id`) VALUES (562, 'No Tiene Parroquia (Capital Pueblo Llano)', 162);
INSERT INTO `parishes` (`id`, `name`, `municipality_id`) VALUES (563, 'Capital Rivas Davila', 163);
INSERT INTO `parishes` (`id`, `name`, `municipality_id`) VALUES (564, 'Geronimo Maldonado', 163);
INSERT INTO `parishes` (`id`, `name`, `municipality_id`) VALUES (565, 'Capital Zea', 164);
INSERT INTO `parishes` (`id`, `name`, `municipality_id`) VALUES (566, 'Caño El Tigre', 164);
INSERT INTO `parishes` (`id`, `name`, `municipality_id`) VALUES (567, 'Fernandez Pena', 165);
INSERT INTO `parishes` (`id`, `name`, `municipality_id`) VALUES (568, 'Matriz', 165);
INSERT INTO `parishes` (`id`, `name`, `municipality_id`) VALUES (569, 'Montalban', 165);
INSERT INTO `parishes` (`id`, `name`, `municipality_id`) VALUES (570, 'Acequias', 165);
INSERT INTO `parishes` (`id`, `name`, `municipality_id`) VALUES (571, 'Jaji', 165);
INSERT INTO `parishes` (`id`, `name`, `municipality_id`) VALUES (572, 'La Mesa', 165);
INSERT INTO `parishes` (`id`, `name`, `municipality_id`) VALUES (573, 'San Jose Del Sur', 165);
INSERT INTO `parishes` (`id`, `name`, `municipality_id`) VALUES (574, 'Capital Miranda', 166);
INSERT INTO `parishes` (`id`, `name`, `municipality_id`) VALUES (575, 'Andre Eloy Blanco', 166);
INSERT INTO `parishes` (`id`, `name`, `municipality_id`) VALUES (576, 'La Venta', 166);
INSERT INTO `parishes` (`id`, `name`, `municipality_id`) VALUES (577, 'Piñango', 166);
INSERT INTO `parishes` (`id`, `name`, `municipality_id`) VALUES (578, 'Capital Justo Briceño', 167);
INSERT INTO `parishes` (`id`, `name`, `municipality_id`) VALUES (579, 'San Cristobal De Torondoy', 167);
INSERT INTO `parishes` (`id`, `name`, `municipality_id`) VALUES (580, 'El Amparo', 168);
INSERT INTO `parishes` (`id`, `name`, `municipality_id`) VALUES (581, 'El Llano', 168);
INSERT INTO `parishes` (`id`, `name`, `municipality_id`) VALUES (582, 'San Francisco', 168);
INSERT INTO `parishes` (`id`, `name`, `municipality_id`) VALUES (583, 'Tovar', 168);
INSERT INTO `parishes` (`id`, `name`, `municipality_id`) VALUES (584, 'Capital Tulio Febres Cordero', 169);
INSERT INTO `parishes` (`id`, `name`, `municipality_id`) VALUES (585, 'Independencia', 169);
INSERT INTO `parishes` (`id`, `name`, `municipality_id`) VALUES (586, 'Maria De La Concepcion Palacios Blanco', 169);
INSERT INTO `parishes` (`id`, `name`, `municipality_id`) VALUES (587, 'Santa Apolonia', 169);
INSERT INTO `parishes` (`id`, `name`, `municipality_id`) VALUES (588, 'No Tiene Parroquia (Capital Santa Maria De Caparo)', 170);
INSERT INTO `parishes` (`id`, `name`, `municipality_id`) VALUES (589, 'Capital Sucre', 171);
INSERT INTO `parishes` (`id`, `name`, `municipality_id`) VALUES (590, 'Chiguara', 171);
INSERT INTO `parishes` (`id`, `name`, `municipality_id`) VALUES (591, 'Estanques', 171);
INSERT INTO `parishes` (`id`, `name`, `municipality_id`) VALUES (592, 'La Trampa', 171);
INSERT INTO `parishes` (`id`, `name`, `municipality_id`) VALUES (593, 'Pueblo Nuevo Del Sur', 171);
INSERT INTO `parishes` (`id`, `name`, `municipality_id`) VALUES (594, 'San Juan', 171);
INSERT INTO `parishes` (`id`, `name`, `municipality_id`) VALUES (595, 'No Tiene Parroquia (Capital Tabay)', 172);
INSERT INTO `parishes` (`id`, `name`, `municipality_id`) VALUES (596, 'Capital Cardenal Quintero', 173);
INSERT INTO `parishes` (`id`, `name`, `municipality_id`) VALUES (597, 'Las Piedras', 173);
INSERT INTO `parishes` (`id`, `name`, `municipality_id`) VALUES (598, 'No Tiene Parroquia (Capital La Azulita)', 174);
INSERT INTO `parishes` (`id`, `name`, `municipality_id`) VALUES (599, 'Capital Julio Cear Salas', 175);
INSERT INTO `parishes` (`id`, `name`, `municipality_id`) VALUES (600, 'Palmira', 175);
INSERT INTO `parishes` (`id`, `name`, `municipality_id`) VALUES (601, 'Capital Rangel', 176);
INSERT INTO `parishes` (`id`, `name`, `municipality_id`) VALUES (602, 'Cacute', 176);
INSERT INTO `parishes` (`id`, `name`, `municipality_id`) VALUES (603, 'La Toma', 176);
INSERT INTO `parishes` (`id`, `name`, `municipality_id`) VALUES (604, 'Mucuruba', 176);
INSERT INTO `parishes` (`id`, `name`, `municipality_id`) VALUES (605, 'San Rafael', 176);
INSERT INTO `parishes` (`id`, `name`, `municipality_id`) VALUES (606, 'Baruta', 177);
INSERT INTO `parishes` (`id`, `name`, `municipality_id`) VALUES (607, 'El Cafetal', 177);
INSERT INTO `parishes` (`id`, `name`, `municipality_id`) VALUES (608, 'Las Minas De Baruta', 177);
INSERT INTO `parishes` (`id`, `name`, `municipality_id`) VALUES (609, 'Carrizal', 178);
INSERT INTO `parishes` (`id`, `name`, `municipality_id`) VALUES (610, 'Ocumare Del Tuy', 179);
INSERT INTO `parishes` (`id`, `name`, `municipality_id`) VALUES (611, 'La Democracia', 179);
INSERT INTO `parishes` (`id`, `name`, `municipality_id`) VALUES (612, 'Santa Barbara', 179);
INSERT INTO `parishes` (`id`, `name`, `municipality_id`) VALUES (613, 'El Hatillo', 180);
INSERT INTO `parishes` (`id`, `name`, `municipality_id`) VALUES (614, 'San Antonio De Los Altos', 181);
INSERT INTO `parishes` (`id`, `name`, `municipality_id`) VALUES (615, 'Mamporal', 182);
INSERT INTO `parishes` (`id`, `name`, `municipality_id`) VALUES (616, 'Guatire', 183);
INSERT INTO `parishes` (`id`, `name`, `municipality_id`) VALUES (617, 'Bolivar', 183);
INSERT INTO `parishes` (`id`, `name`, `municipality_id`) VALUES (618, 'Cupira', 184);
INSERT INTO `parishes` (`id`, `name`, `municipality_id`) VALUES (619, 'Machurucuto', 184);
INSERT INTO `parishes` (`id`, `name`, `municipality_id`) VALUES (620, 'Charallave', 185);
INSERT INTO `parishes` (`id`, `name`, `municipality_id`) VALUES (621, 'Las Brisas', 185);
INSERT INTO `parishes` (`id`, `name`, `municipality_id`) VALUES (622, 'Cua', 186);
INSERT INTO `parishes` (`id`, `name`, `municipality_id`) VALUES (623, 'Nueva Cua', 186);
INSERT INTO `parishes` (`id`, `name`, `municipality_id`) VALUES (624, 'San Jose De Barlovento', 187);
INSERT INTO `parishes` (`id`, `name`, `municipality_id`) VALUES (625, 'Cumbo', 187);
INSERT INTO `parishes` (`id`, `name`, `municipality_id`) VALUES (626, 'Caucagua', 188);
INSERT INTO `parishes` (`id`, `name`, `municipality_id`) VALUES (627, 'Aragüita', 188);
INSERT INTO `parishes` (`id`, `name`, `municipality_id`) VALUES (628, 'Arevalo Gonzalez', 188);
INSERT INTO `parishes` (`id`, `name`, `municipality_id`) VALUES (629, 'Capaya', 188);
INSERT INTO `parishes` (`id`, `name`, `municipality_id`) VALUES (630, 'El Cafe', 188);
INSERT INTO `parishes` (`id`, `name`, `municipality_id`) VALUES (631, 'Marizapa', 188);
INSERT INTO `parishes` (`id`, `name`, `municipality_id`) VALUES (632, 'Panaquire', 188);
INSERT INTO `parishes` (`id`, `name`, `municipality_id`) VALUES (633, 'Ribas', 188);
INSERT INTO `parishes` (`id`, `name`, `municipality_id`) VALUES (634, 'Higuerote', 189);
INSERT INTO `parishes` (`id`, `name`, `municipality_id`) VALUES (635, 'Curiepe', 189);
INSERT INTO `parishes` (`id`, `name`, `municipality_id`) VALUES (636, 'Tacarigua', 189);
INSERT INTO `parishes` (`id`, `name`, `municipality_id`) VALUES (637, 'Chacao', 190);
INSERT INTO `parishes` (`id`, `name`, `municipality_id`) VALUES (638, 'Guarenas', 191);
INSERT INTO `parishes` (`id`, `name`, `municipality_id`) VALUES (639, 'Santa Lucia', 192);
INSERT INTO `parishes` (`id`, `name`, `municipality_id`) VALUES (640, 'Santa Teresa Del Tuy', 193);
INSERT INTO `parishes` (`id`, `name`, `municipality_id`) VALUES (641, 'El Cartanal', 193);
INSERT INTO `parishes` (`id`, `name`, `municipality_id`) VALUES (642, 'Los Teques', 194);
INSERT INTO `parishes` (`id`, `name`, `municipality_id`) VALUES (643, 'Altagracia De La Montaña', 194);
INSERT INTO `parishes` (`id`, `name`, `municipality_id`) VALUES (644, 'Cecilio Acosta', 194);
INSERT INTO `parishes` (`id`, `name`, `municipality_id`) VALUES (645, 'El Jarillo', 194);
INSERT INTO `parishes` (`id`, `name`, `municipality_id`) VALUES (646, 'Paracotos', 194);
INSERT INTO `parishes` (`id`, `name`, `municipality_id`) VALUES (647, 'San Pedro', 194);
INSERT INTO `parishes` (`id`, `name`, `municipality_id`) VALUES (648, 'Tacata', 194);
INSERT INTO `parishes` (`id`, `name`, `municipality_id`) VALUES (649, 'Rio Chico', 195);
INSERT INTO `parishes` (`id`, `name`, `municipality_id`) VALUES (650, 'El Guapo', 195);
INSERT INTO `parishes` (`id`, `name`, `municipality_id`) VALUES (651, 'Tacarigua De La Laguna', 195);
INSERT INTO `parishes` (`id`, `name`, `municipality_id`) VALUES (652, 'Paparo', 195);
INSERT INTO `parishes` (`id`, `name`, `municipality_id`) VALUES (653, 'San Fernando Del Guapo', 195);
INSERT INTO `parishes` (`id`, `name`, `municipality_id`) VALUES (654, 'San Francisco De Yare', 196);
INSERT INTO `parishes` (`id`, `name`, `municipality_id`) VALUES (655, 'San Antonio De Yare', 196);
INSERT INTO `parishes` (`id`, `name`, `municipality_id`) VALUES (656, 'Petare', 197);
INSERT INTO `parishes` (`id`, `name`, `municipality_id`) VALUES (657, 'Caucagüita', 197);
INSERT INTO `parishes` (`id`, `name`, `municipality_id`) VALUES (658, 'Fila De Mariches', 197);
INSERT INTO `parishes` (`id`, `name`, `municipality_id`) VALUES (659, 'La Dolorita', 197);
INSERT INTO `parishes` (`id`, `name`, `municipality_id`) VALUES (660, 'Leoncio Martinez', 197);
INSERT INTO `parishes` (`id`, `name`, `municipality_id`) VALUES (661, 'No Tiene Parroquia (Capital Aguasay)', 198);
INSERT INTO `parishes` (`id`, `name`, `municipality_id`) VALUES (662, 'Capital Caripe', 199);
INSERT INTO `parishes` (`id`, `name`, `municipality_id`) VALUES (663, 'El Guacharo', 199);
INSERT INTO `parishes` (`id`, `name`, `municipality_id`) VALUES (664, 'La Guanota', 199);
INSERT INTO `parishes` (`id`, `name`, `municipality_id`) VALUES (665, 'Sabana De Piedra', 199);
INSERT INTO `parishes` (`id`, `name`, `municipality_id`) VALUES (666, 'San Agustin', 199);
INSERT INTO `parishes` (`id`, `name`, `municipality_id`) VALUES (667, 'Teresen', 199);
INSERT INTO `parishes` (`id`, `name`, `municipality_id`) VALUES (668, 'Capital Ezequiel Zamora', 200);
INSERT INTO `parishes` (`id`, `name`, `municipality_id`) VALUES (669, 'El Tejero', 200);
INSERT INTO `parishes` (`id`, `name`, `municipality_id`) VALUES (670, 'Capital Maturin', 201);
INSERT INTO `parishes` (`id`, `name`, `municipality_id`) VALUES (671, 'Alto De Los Godos', 201);
INSERT INTO `parishes` (`id`, `name`, `municipality_id`) VALUES (672, 'Boqueron', 201);
INSERT INTO `parishes` (`id`, `name`, `municipality_id`) VALUES (673, 'Las Cocuizas', 201);
INSERT INTO `parishes` (`id`, `name`, `municipality_id`) VALUES (674, 'San Simon', 201);
INSERT INTO `parishes` (`id`, `name`, `municipality_id`) VALUES (675, 'Santa Cruz', 201);
INSERT INTO `parishes` (`id`, `name`, `municipality_id`) VALUES (676, 'El Corozo', 201);
INSERT INTO `parishes` (`id`, `name`, `municipality_id`) VALUES (677, 'El Furrial', 201);
INSERT INTO `parishes` (`id`, `name`, `municipality_id`) VALUES (678, 'Jusepin', 201);
INSERT INTO `parishes` (`id`, `name`, `municipality_id`) VALUES (679, 'La Pica', 201);
INSERT INTO `parishes` (`id`, `name`, `municipality_id`) VALUES (680, 'San Vicente', 201);
INSERT INTO `parishes` (`id`, `name`, `municipality_id`) VALUES (681, 'Capital Libertador', 202);
INSERT INTO `parishes` (`id`, `name`, `municipality_id`) VALUES (682, 'Chaguaramas', 202);
INSERT INTO `parishes` (`id`, `name`, `municipality_id`) VALUES (683, 'Las Alhuacas', 202);
INSERT INTO `parishes` (`id`, `name`, `municipality_id`) VALUES (684, 'Tabasca', 202);
INSERT INTO `parishes` (`id`, `name`, `municipality_id`) VALUES (685, 'No Tiene Parroquia (Capital Santa Barbara)', 203);
INSERT INTO `parishes` (`id`, `name`, `municipality_id`) VALUES (686, 'Capital Sotillo', 204);
INSERT INTO `parishes` (`id`, `name`, `municipality_id`) VALUES (687, 'Los Barrancos De Fajardo', 204);
INSERT INTO `parishes` (`id`, `name`, `municipality_id`) VALUES (688, 'Capital Cedeño', 205);
INSERT INTO `parishes` (`id`, `name`, `municipality_id`) VALUES (689, 'Areo', 205);
INSERT INTO `parishes` (`id`, `name`, `municipality_id`) VALUES (690, 'San Felix', 205);
INSERT INTO `parishes` (`id`, `name`, `municipality_id`) VALUES (691, 'Viento Fresco', 205);
INSERT INTO `parishes` (`id`, `name`, `municipality_id`) VALUES (692, 'No Tiene Parroquia (Capital Caripito)', 206);
INSERT INTO `parishes` (`id`, `name`, `municipality_id`) VALUES (693, 'Capital Piar', 207);
INSERT INTO `parishes` (`id`, `name`, `municipality_id`) VALUES (694, 'Aparicio', 207);
INSERT INTO `parishes` (`id`, `name`, `municipality_id`) VALUES (695, 'Chaguaramal', 207);
INSERT INTO `parishes` (`id`, `name`, `municipality_id`) VALUES (696, 'El Pinto', 207);
INSERT INTO `parishes` (`id`, `name`, `municipality_id`) VALUES (697, 'Guanaguana', 207);
INSERT INTO `parishes` (`id`, `name`, `municipality_id`) VALUES (698, 'La Toscana', 207);
INSERT INTO `parishes` (`id`, `name`, `municipality_id`) VALUES (699, 'Taguaya', 207);
INSERT INTO `parishes` (`id`, `name`, `municipality_id`) VALUES (700, 'No Tiene Parroquia (Capital Uracoa)', 208);
INSERT INTO `parishes` (`id`, `name`, `municipality_id`) VALUES (701, 'Capital Acosta', 209);
INSERT INTO `parishes` (`id`, `name`, `municipality_id`) VALUES (702, 'San Francisco', 209);
INSERT INTO `parishes` (`id`, `name`, `municipality_id`) VALUES (703, 'Capital Punceres', 210);
INSERT INTO `parishes` (`id`, `name`, `municipality_id`) VALUES (704, 'Cachipo', 210);
INSERT INTO `parishes` (`id`, `name`, `municipality_id`) VALUES (705, 'No Tiene Parroquia (Capital La Asuncion)', 211);
INSERT INTO `parishes` (`id`, `name`, `municipality_id`) VALUES (706, 'Capital Gomez', 212);
INSERT INTO `parishes` (`id`, `name`, `municipality_id`) VALUES (707, 'Bolivar', 212);
INSERT INTO `parishes` (`id`, `name`, `municipality_id`) VALUES (708, 'Guevara', 212);
INSERT INTO `parishes` (`id`, `name`, `municipality_id`) VALUES (709, 'Matasiete', 212);
INSERT INTO `parishes` (`id`, `name`, `municipality_id`) VALUES (710, 'Sucre', 212);
INSERT INTO `parishes` (`id`, `name`, `municipality_id`) VALUES (711, 'Capital Marcano', 213);
INSERT INTO `parishes` (`id`, `name`, `municipality_id`) VALUES (712, 'Adrian', 213);
INSERT INTO `parishes` (`id`, `name`, `municipality_id`) VALUES (713, 'Capital Garcia', 214);
INSERT INTO `parishes` (`id`, `name`, `municipality_id`) VALUES (714, 'Francisco Fajardo', 214);
INSERT INTO `parishes` (`id`, `name`, `municipality_id`) VALUES (715, 'Capital Diaz', 215);
INSERT INTO `parishes` (`id`, `name`, `municipality_id`) VALUES (716, 'Zabala', 215);
INSERT INTO `parishes` (`id`, `name`, `municipality_id`) VALUES (717, 'Capital Tubores', 216);
INSERT INTO `parishes` (`id`, `name`, `municipality_id`) VALUES (718, 'Los Barales', 216);
INSERT INTO `parishes` (`id`, `name`, `municipality_id`) VALUES (719, 'Capital Maneiro', 217);
INSERT INTO `parishes` (`id`, `name`, `municipality_id`) VALUES (720, 'Aguirre', 217);
INSERT INTO `parishes` (`id`, `name`, `municipality_id`) VALUES (721, 'Capital Villalba', 218);
INSERT INTO `parishes` (`id`, `name`, `municipality_id`) VALUES (722, 'Vicente Fuentes', 218);
INSERT INTO `parishes` (`id`, `name`, `municipality_id`) VALUES (723, 'No Tiene Parroquia (Capital La Plaza De Paraguachi)', 219);
INSERT INTO `parishes` (`id`, `name`, `municipality_id`) VALUES (724, 'No Tiene Parroquia (Capital Porlamar)', 220);
INSERT INTO `parishes` (`id`, `name`, `municipality_id`) VALUES (725, 'Capital Peninsula De Macanao', 221);
INSERT INTO `parishes` (`id`, `name`, `municipality_id`) VALUES (726, 'San Francisco', 221);
INSERT INTO `parishes` (`id`, `name`, `municipality_id`) VALUES (727, 'Capital Araure', 222);
INSERT INTO `parishes` (`id`, `name`, `municipality_id`) VALUES (728, 'Rio Acarigua', 222);
INSERT INTO `parishes` (`id`, `name`, `municipality_id`) VALUES (729, 'Capital Santa Rosalia', 223);
INSERT INTO `parishes` (`id`, `name`, `municipality_id`) VALUES (730, 'Florida', 223);
INSERT INTO `parishes` (`id`, `name`, `municipality_id`) VALUES (731, 'Capital Guanarito', 224);
INSERT INTO `parishes` (`id`, `name`, `municipality_id`) VALUES (732, 'Trinidad De La Capilla', 224);
INSERT INTO `parishes` (`id`, `name`, `municipality_id`) VALUES (733, 'Divina Pastora', 224);
INSERT INTO `parishes` (`id`, `name`, `municipality_id`) VALUES (734, 'Capital Guanare', 225);
INSERT INTO `parishes` (`id`, `name`, `municipality_id`) VALUES (735, 'Cordoba', 225);
INSERT INTO `parishes` (`id`, `name`, `municipality_id`) VALUES (736, 'San Jose De La Montaña', 225);
INSERT INTO `parishes` (`id`, `name`, `municipality_id`) VALUES (737, 'San Juan De Guanaguanare', 225);
INSERT INTO `parishes` (`id`, `name`, `municipality_id`) VALUES (738, 'Virgen De La Coromoto', 225);
INSERT INTO `parishes` (`id`, `name`, `municipality_id`) VALUES (739, 'Capital San Genaro De Boconoito', 226);
INSERT INTO `parishes` (`id`, `name`, `municipality_id`) VALUES (740, 'Antolin Tovar', 226);
INSERT INTO `parishes` (`id`, `name`, `municipality_id`) VALUES (741, 'Capital San Rafael De Onoto', 227);
INSERT INTO `parishes` (`id`, `name`, `municipality_id`) VALUES (742, 'Santa Fe', 227);
INSERT INTO `parishes` (`id`, `name`, `municipality_id`) VALUES (743, 'Thermo Morles', 227);
INSERT INTO `parishes` (`id`, `name`, `municipality_id`) VALUES (744, 'Capital Monseñor Jose Vicente De Unda', 228);
INSERT INTO `parishes` (`id`, `name`, `municipality_id`) VALUES (745, 'Peña Blanca', 228);
INSERT INTO `parishes` (`id`, `name`, `municipality_id`) VALUES (746, 'Capital Sucre', 229);
INSERT INTO `parishes` (`id`, `name`, `municipality_id`) VALUES (747, 'Concepcion', 229);
INSERT INTO `parishes` (`id`, `name`, `municipality_id`) VALUES (748, 'San Rafael De Palo Alzado', 229);
INSERT INTO `parishes` (`id`, `name`, `municipality_id`) VALUES (749, 'Uvencio Antonio Velasquez', 229);
INSERT INTO `parishes` (`id`, `name`, `municipality_id`) VALUES (750, 'San Jose De Saguaz', 229);
INSERT INTO `parishes` (`id`, `name`, `municipality_id`) VALUES (751, 'Villa Rosa', 229);
INSERT INTO `parishes` (`id`, `name`, `municipality_id`) VALUES (752, 'Capital Papelon', 230);
INSERT INTO `parishes` (`id`, `name`, `municipality_id`) VALUES (753, 'Caño Delgadito', 230);
INSERT INTO `parishes` (`id`, `name`, `municipality_id`) VALUES (754, 'No Tiene Parroquia (Capital Agua Blanca)', 231);
INSERT INTO `parishes` (`id`, `name`, `municipality_id`) VALUES (755, 'Capital Esteller', 232);
INSERT INTO `parishes` (`id`, `name`, `municipality_id`) VALUES (756, 'Uveral', 232);
INSERT INTO `parishes` (`id`, `name`, `municipality_id`) VALUES (757, 'Capital Turen', 233);
INSERT INTO `parishes` (`id`, `name`, `municipality_id`) VALUES (758, 'Canelones', 233);
INSERT INTO `parishes` (`id`, `name`, `municipality_id`) VALUES (759, 'Santa Cruz', 233);
INSERT INTO `parishes` (`id`, `name`, `municipality_id`) VALUES (760, 'San Isidro Labrador', 233);
INSERT INTO `parishes` (`id`, `name`, `municipality_id`) VALUES (761, 'Capital Paez', 234);
INSERT INTO `parishes` (`id`, `name`, `municipality_id`) VALUES (762, 'Payara', 234);
INSERT INTO `parishes` (`id`, `name`, `municipality_id`) VALUES (763, 'Pimpinela', 234);
INSERT INTO `parishes` (`id`, `name`, `municipality_id`) VALUES (764, 'Ramon Peraza', 234);
INSERT INTO `parishes` (`id`, `name`, `municipality_id`) VALUES (765, 'Capital Ospino', 235);
INSERT INTO `parishes` (`id`, `name`, `municipality_id`) VALUES (766, 'Aparicion', 235);
INSERT INTO `parishes` (`id`, `name`, `municipality_id`) VALUES (767, 'La Estacion', 235);
INSERT INTO `parishes` (`id`, `name`, `municipality_id`) VALUES (768, 'Mariño', 236);
INSERT INTO `parishes` (`id`, `name`, `municipality_id`) VALUES (769, 'Romulo Gallegos', 236);
INSERT INTO `parishes` (`id`, `name`, `municipality_id`) VALUES (770, 'Cumanacoa', 237);
INSERT INTO `parishes` (`id`, `name`, `municipality_id`) VALUES (771, 'Arenas', 237);
INSERT INTO `parishes` (`id`, `name`, `municipality_id`) VALUES (772, 'Aricagua', 237);
INSERT INTO `parishes` (`id`, `name`, `municipality_id`) VALUES (773, 'Cocollar', 237);
INSERT INTO `parishes` (`id`, `name`, `municipality_id`) VALUES (774, 'San Fernando', 237);
INSERT INTO `parishes` (`id`, `name`, `municipality_id`) VALUES (775, 'San Lorenzo', 237);
INSERT INTO `parishes` (`id`, `name`, `municipality_id`) VALUES (776, 'Bolivar', 238);
INSERT INTO `parishes` (`id`, `name`, `municipality_id`) VALUES (777, 'Macarapana', 238);
INSERT INTO `parishes` (`id`, `name`, `municipality_id`) VALUES (778, 'Santa Catalina', 238);
INSERT INTO `parishes` (`id`, `name`, `municipality_id`) VALUES (779, 'Santa Rosa', 238);
INSERT INTO `parishes` (`id`, `name`, `municipality_id`) VALUES (780, 'Santa Teresa', 238);
INSERT INTO `parishes` (`id`, `name`, `municipality_id`) VALUES (781, 'San Jose De Aerocuar', 239);
INSERT INTO `parishes` (`id`, `name`, `municipality_id`) VALUES (782, 'Tavera Acosta', 239);
INSERT INTO `parishes` (`id`, `name`, `municipality_id`) VALUES (783, 'El Pilar', 240);
INSERT INTO `parishes` (`id`, `name`, `municipality_id`) VALUES (784, 'El Rincon', 240);
INSERT INTO `parishes` (`id`, `name`, `municipality_id`) VALUES (785, 'General Francisco Antonio Vasquez', 240);
INSERT INTO `parishes` (`id`, `name`, `municipality_id`) VALUES (786, 'Guara├║Nos', 240);
INSERT INTO `parishes` (`id`, `name`, `municipality_id`) VALUES (787, 'Tunapuicito', 240);
INSERT INTO `parishes` (`id`, `name`, `municipality_id`) VALUES (788, 'Union', 240);
INSERT INTO `parishes` (`id`, `name`, `municipality_id`) VALUES (789, 'Irapa', 241);
INSERT INTO `parishes` (`id`, `name`, `municipality_id`) VALUES (790, 'Campo Claro', 241);
INSERT INTO `parishes` (`id`, `name`, `municipality_id`) VALUES (791, 'Marabal', 241);
INSERT INTO `parishes` (`id`, `name`, `municipality_id`) VALUES (792, 'San Antonio De Irapa', 241);
INSERT INTO `parishes` (`id`, `name`, `municipality_id`) VALUES (793, 'Soro', 241);
INSERT INTO `parishes` (`id`, `name`, `municipality_id`) VALUES (794, 'No Tiene Parroquia (Capital San Antonio Del Golfo)', 242);
INSERT INTO `parishes` (`id`, `name`, `municipality_id`) VALUES (795, 'Cariaco', 243);
INSERT INTO `parishes` (`id`, `name`, `municipality_id`) VALUES (796, 'Catuaro', 243);
INSERT INTO `parishes` (`id`, `name`, `municipality_id`) VALUES (797, 'Rendon', 243);
INSERT INTO `parishes` (`id`, `name`, `municipality_id`) VALUES (798, 'Santa Cruz', 243);
INSERT INTO `parishes` (`id`, `name`, `municipality_id`) VALUES (799, 'Santa Maria', 243);
INSERT INTO `parishes` (`id`, `name`, `municipality_id`) VALUES (800, 'Tunapuy', 244);
INSERT INTO `parishes` (`id`, `name`, `municipality_id`) VALUES (801, 'Campo Elias', 244);
INSERT INTO `parishes` (`id`, `name`, `municipality_id`) VALUES (802, 'No Tiene Parroquia (Capital Marig├╝Itar)', 245);
INSERT INTO `parishes` (`id`, `name`, `municipality_id`) VALUES (803, 'Altagracia', 246);
INSERT INTO `parishes` (`id`, `name`, `municipality_id`) VALUES (804, 'Ayacucho', 246);
INSERT INTO `parishes` (`id`, `name`, `municipality_id`) VALUES (805, 'Santa Ine', 246);
INSERT INTO `parishes` (`id`, `name`, `municipality_id`) VALUES (806, 'Valentin Valiente', 246);
INSERT INTO `parishes` (`id`, `name`, `municipality_id`) VALUES (807, 'San Juan', 246);
INSERT INTO `parishes` (`id`, `name`, `municipality_id`) VALUES (808, 'Raul Leoni', 246);
INSERT INTO `parishes` (`id`, `name`, `municipality_id`) VALUES (809, 'Gran Mariscal', 246);
INSERT INTO `parishes` (`id`, `name`, `municipality_id`) VALUES (810, 'Rio Caribe', 247);
INSERT INTO `parishes` (`id`, `name`, `municipality_id`) VALUES (811, 'Antonio Jose De Sucre', 247);
INSERT INTO `parishes` (`id`, `name`, `municipality_id`) VALUES (812, 'El Morro De Puerto Santo', 247);
INSERT INTO `parishes` (`id`, `name`, `municipality_id`) VALUES (813, 'Puerto Santo', 247);
INSERT INTO `parishes` (`id`, `name`, `municipality_id`) VALUES (814, 'San Juan De Las Galdonas', 247);
INSERT INTO `parishes` (`id`, `name`, `municipality_id`) VALUES (815, 'Araya', 248);
INSERT INTO `parishes` (`id`, `name`, `municipality_id`) VALUES (816, 'Chacopata', 248);
INSERT INTO `parishes` (`id`, `name`, `municipality_id`) VALUES (817, 'Manicuare', 248);
INSERT INTO `parishes` (`id`, `name`, `municipality_id`) VALUES (818, 'G├╝Iria', 249);
INSERT INTO `parishes` (`id`, `name`, `municipality_id`) VALUES (819, 'Bideau', 249);
INSERT INTO `parishes` (`id`, `name`, `municipality_id`) VALUES (820, 'Cristobal Colon', 249);
INSERT INTO `parishes` (`id`, `name`, `municipality_id`) VALUES (821, 'Punta De Piedras', 249);
INSERT INTO `parishes` (`id`, `name`, `municipality_id`) VALUES (822, 'Yaguaraparo', 250);
INSERT INTO `parishes` (`id`, `name`, `municipality_id`) VALUES (823, 'El Paujil', 250);
INSERT INTO `parishes` (`id`, `name`, `municipality_id`) VALUES (824, 'Libertad', 250);
INSERT INTO `parishes` (`id`, `name`, `municipality_id`) VALUES (825, 'Libertador', 251);
INSERT INTO `parishes` (`id`, `name`, `municipality_id`) VALUES (826, 'Don Emeterio Ochoa', 251);
INSERT INTO `parishes` (`id`, `name`, `municipality_id`) VALUES (827, 'Doradas', 251);
INSERT INTO `parishes` (`id`, `name`, `municipality_id`) VALUES (828, 'San Joaquin De Navay', 251);
INSERT INTO `parishes` (`id`, `name`, `municipality_id`) VALUES (829, 'Libertad', 252);
INSERT INTO `parishes` (`id`, `name`, `municipality_id`) VALUES (830, 'Cipriano Castro', 252);
INSERT INTO `parishes` (`id`, `name`, `municipality_id`) VALUES (831, 'Manuel Felipe Rugeles', 252);
INSERT INTO `parishes` (`id`, `name`, `municipality_id`) VALUES (832, 'No Tiene Parroquia (Capital Santa Ana)', 253);
INSERT INTO `parishes` (`id`, `name`, `municipality_id`) VALUES (833, 'No Tiene Parroquia (Capital Michelena)', 254);
INSERT INTO `parishes` (`id`, `name`, `municipality_id`) VALUES (834, 'No Tiene Parroquia (Capital Delicias)', 255);
INSERT INTO `parishes` (`id`, `name`, `municipality_id`) VALUES (835, 'No Tiene Parroquia (Capital Las Mesas)', 256);
INSERT INTO `parishes` (`id`, `name`, `municipality_id`) VALUES (836, 'No Tiene Parroquia (Capital San Simon)', 257);
INSERT INTO `parishes` (`id`, `name`, `municipality_id`) VALUES (837, 'No Tiene Parroquia (Capital Umuquena)', 258);
INSERT INTO `parishes` (`id`, `name`, `municipality_id`) VALUES (838, 'Cardenas', 259);
INSERT INTO `parishes` (`id`, `name`, `municipality_id`) VALUES (839, 'Amenodoro Rangel Lamus', 259);
INSERT INTO `parishes` (`id`, `name`, `municipality_id`) VALUES (840, 'La Florida', 259);
INSERT INTO `parishes` (`id`, `name`, `municipality_id`) VALUES (841, 'No Tiene Parroquia (Capital El Cobre)', 260);
INSERT INTO `parishes` (`id`, `name`, `municipality_id`) VALUES (842, 'Sucre', 261);
INSERT INTO `parishes` (`id`, `name`, `municipality_id`) VALUES (843, 'Eleazar Lopez Contreras', 261);
INSERT INTO `parishes` (`id`, `name`, `municipality_id`) VALUES (844, 'San Pablo', 261);
INSERT INTO `parishes` (`id`, `name`, `municipality_id`) VALUES (845, 'Bolivar', 262);
INSERT INTO `parishes` (`id`, `name`, `municipality_id`) VALUES (846, 'Palotal', 262);
INSERT INTO `parishes` (`id`, `name`, `municipality_id`) VALUES (847, 'Juan Vicente Gomez', 262);
INSERT INTO `parishes` (`id`, `name`, `municipality_id`) VALUES (848, 'Isaias Medina Angarita', 262);
INSERT INTO `parishes` (`id`, `name`, `municipality_id`) VALUES (849, 'Panamericano', 263);
INSERT INTO `parishes` (`id`, `name`, `municipality_id`) VALUES (850, 'La Palmita', 263);
INSERT INTO `parishes` (`id`, `name`, `municipality_id`) VALUES (851, 'Ayacucho', 264);
INSERT INTO `parishes` (`id`, `name`, `municipality_id`) VALUES (852, 'Rivas Berti', 264);
INSERT INTO `parishes` (`id`, `name`, `municipality_id`) VALUES (853, 'San Pedro Del Rio', 264);
INSERT INTO `parishes` (`id`, `name`, `municipality_id`) VALUES (854, 'No Tiene Parroquia (Capital Palmira)', 265);
INSERT INTO `parishes` (`id`, `name`, `municipality_id`) VALUES (855, 'No Tiene Parroquia (Capital Cordero)', 266);
INSERT INTO `parishes` (`id`, `name`, `municipality_id`) VALUES (856, 'Fernandez Feo', 267);
INSERT INTO `parishes` (`id`, `name`, `municipality_id`) VALUES (857, 'Alberto Adriani', 267);
INSERT INTO `parishes` (`id`, `name`, `municipality_id`) VALUES (858, 'Santo Domingo', 267);
INSERT INTO `parishes` (`id`, `name`, `municipality_id`) VALUES (859, 'Jauregui', 268);
INSERT INTO `parishes` (`id`, `name`, `municipality_id`) VALUES (860, 'Emilio Constantino Guerrero', 268);
INSERT INTO `parishes` (`id`, `name`, `municipality_id`) VALUES (861, 'Monseñor Miguel Antonio Salas', 268);
INSERT INTO `parishes` (`id`, `name`, `municipality_id`) VALUES (862, 'Junin', 269);
INSERT INTO `parishes` (`id`, `name`, `municipality_id`) VALUES (863, 'La Petrolea', 269);
INSERT INTO `parishes` (`id`, `name`, `municipality_id`) VALUES (864, 'Quinimari', 269);
INSERT INTO `parishes` (`id`, `name`, `municipality_id`) VALUES (865, 'Bramon', 269);
INSERT INTO `parishes` (`id`, `name`, `municipality_id`) VALUES (866, 'Samuel Dario Maldonado', 270);
INSERT INTO `parishes` (`id`, `name`, `municipality_id`) VALUES (867, 'Bocono', 270);
INSERT INTO `parishes` (`id`, `name`, `municipality_id`) VALUES (868, 'Hernandez', 270);
INSERT INTO `parishes` (`id`, `name`, `municipality_id`) VALUES (869, 'Uribante', 271);
INSERT INTO `parishes` (`id`, `name`, `municipality_id`) VALUES (870, 'Cardenas', 271);
INSERT INTO `parishes` (`id`, `name`, `municipality_id`) VALUES (871, 'Juan Pablo Peñaloza', 271);
INSERT INTO `parishes` (`id`, `name`, `municipality_id`) VALUES (872, 'Potosi', 271);
INSERT INTO `parishes` (`id`, `name`, `municipality_id`) VALUES (873, 'No Tiene Parroquia (Capital San Jose De Bolivar)', 272);
INSERT INTO `parishes` (`id`, `name`, `municipality_id`) VALUES (874, 'No Tiene Parroquia (Capital San Josecito)', 273);
INSERT INTO `parishes` (`id`, `name`, `municipality_id`) VALUES (875, 'Garcia De Hevia', 274);
INSERT INTO `parishes` (`id`, `name`, `municipality_id`) VALUES (876, 'Boca De Grita', 274);
INSERT INTO `parishes` (`id`, `name`, `municipality_id`) VALUES (877, 'Jose Antonio Paez', 274);
INSERT INTO `parishes` (`id`, `name`, `municipality_id`) VALUES (878, 'Lobatera', 275);
INSERT INTO `parishes` (`id`, `name`, `municipality_id`) VALUES (879, 'Constitucion', 275);
INSERT INTO `parishes` (`id`, `name`, `municipality_id`) VALUES (880, 'La Concordia', 276);
INSERT INTO `parishes` (`id`, `name`, `municipality_id`) VALUES (881, 'Pedro Maria Morantes', 276);
INSERT INTO `parishes` (`id`, `name`, `municipality_id`) VALUES (882, 'San Juan Bautista', 276);
INSERT INTO `parishes` (`id`, `name`, `municipality_id`) VALUES (883, 'San Sebastian', 276);
INSERT INTO `parishes` (`id`, `name`, `municipality_id`) VALUES (884, 'Dr. Francisco Romero Lobo', 276);
INSERT INTO `parishes` (`id`, `name`, `municipality_id`) VALUES (885, 'Independencia', 277);
INSERT INTO `parishes` (`id`, `name`, `municipality_id`) VALUES (886, 'Juan German Roscio', 277);
INSERT INTO `parishes` (`id`, `name`, `municipality_id`) VALUES (887, 'Roman Cardenas', 277);
INSERT INTO `parishes` (`id`, `name`, `municipality_id`) VALUES (888, 'No Tiene Parroquia (Capital Seboruco)', 278);
INSERT INTO `parishes` (`id`, `name`, `municipality_id`) VALUES (889, 'Pedro Maria Ureña', 279);
INSERT INTO `parishes` (`id`, `name`, `municipality_id`) VALUES (890, 'Nueva Arcadia', 279);
INSERT INTO `parishes` (`id`, `name`, `municipality_id`) VALUES (891, 'Pampan', 280);
INSERT INTO `parishes` (`id`, `name`, `municipality_id`) VALUES (892, 'Flor De Patria', 280);
INSERT INTO `parishes` (`id`, `name`, `municipality_id`) VALUES (893, 'La Paz', 280);
INSERT INTO `parishes` (`id`, `name`, `municipality_id`) VALUES (894, 'Santa Ana', 280);
INSERT INTO `parishes` (`id`, `name`, `municipality_id`) VALUES (895, 'Sabana De Mendoza', 281);
INSERT INTO `parishes` (`id`, `name`, `municipality_id`) VALUES (896, 'El Paraiso', 281);
INSERT INTO `parishes` (`id`, `name`, `municipality_id`) VALUES (897, 'Junin', 281);
INSERT INTO `parishes` (`id`, `name`, `municipality_id`) VALUES (898, 'Valmore Rodriguez', 281);
INSERT INTO `parishes` (`id`, `name`, `municipality_id`) VALUES (899, 'Santa Isabel', 282);
INSERT INTO `parishes` (`id`, `name`, `municipality_id`) VALUES (900, 'Araguaney', 282);
INSERT INTO `parishes` (`id`, `name`, `municipality_id`) VALUES (901, 'El Jagüito', 282);
INSERT INTO `parishes` (`id`, `name`, `municipality_id`) VALUES (902, 'La Esperanza', 282);
INSERT INTO `parishes` (`id`, `name`, `municipality_id`) VALUES (903, 'Chejende', 283);
INSERT INTO `parishes` (`id`, `name`, `municipality_id`) VALUES (904, 'Arnoldo Gabaldon', 283);
INSERT INTO `parishes` (`id`, `name`, `municipality_id`) VALUES (905, 'Bolivia', 283);
INSERT INTO `parishes` (`id`, `name`, `municipality_id`) VALUES (906, 'Carrillo', 283);
INSERT INTO `parishes` (`id`, `name`, `municipality_id`) VALUES (907, 'Cegarra', 283);
INSERT INTO `parishes` (`id`, `name`, `municipality_id`) VALUES (908, 'Manuel Salvador Ulloa', 283);
INSERT INTO `parishes` (`id`, `name`, `municipality_id`) VALUES (909, 'San Jose', 283);
INSERT INTO `parishes` (`id`, `name`, `municipality_id`) VALUES (910, 'El Socorro', 284);
INSERT INTO `parishes` (`id`, `name`, `municipality_id`) VALUES (911, 'Antonio Jose De Sucre', 284);
INSERT INTO `parishes` (`id`, `name`, `municipality_id`) VALUES (912, 'Los Caprichos', 284);
INSERT INTO `parishes` (`id`, `name`, `municipality_id`) VALUES (913, 'El Dividive', 285);
INSERT INTO `parishes` (`id`, `name`, `municipality_id`) VALUES (914, 'Agua Santa', 285);
INSERT INTO `parishes` (`id`, `name`, `municipality_id`) VALUES (915, 'Agua Caliente', 285);
INSERT INTO `parishes` (`id`, `name`, `municipality_id`) VALUES (916, 'El Cenizo', 285);
INSERT INTO `parishes` (`id`, `name`, `municipality_id`) VALUES (917, 'Valerita', 285);
INSERT INTO `parishes` (`id`, `name`, `municipality_id`) VALUES (918, 'Juan Ignacio Montilla', 286);
INSERT INTO `parishes` (`id`, `name`, `municipality_id`) VALUES (919, 'La Beatriz', 286);
INSERT INTO `parishes` (`id`, `name`, `municipality_id`) VALUES (920, 'Mercedes Diaz', 286);
INSERT INTO `parishes` (`id`, `name`, `municipality_id`) VALUES (921, 'San Luis', 286);
INSERT INTO `parishes` (`id`, `name`, `municipality_id`) VALUES (922, 'La Puerta', 286);
INSERT INTO `parishes` (`id`, `name`, `municipality_id`) VALUES (923, 'Mendoza', 286);
INSERT INTO `parishes` (`id`, `name`, `municipality_id`) VALUES (924, 'Motatan', 287);
INSERT INTO `parishes` (`id`, `name`, `municipality_id`) VALUES (925, 'El Baño', 287);
INSERT INTO `parishes` (`id`, `name`, `municipality_id`) VALUES (926, 'Jalisco', 287);
INSERT INTO `parishes` (`id`, `name`, `municipality_id`) VALUES (927, 'Bocono', 288);
INSERT INTO `parishes` (`id`, `name`, `municipality_id`) VALUES (928, 'El Carmen', 288);
INSERT INTO `parishes` (`id`, `name`, `municipality_id`) VALUES (929, 'Mosquey', 288);
INSERT INTO `parishes` (`id`, `name`, `municipality_id`) VALUES (930, 'Ayacucho', 288);
INSERT INTO `parishes` (`id`, `name`, `municipality_id`) VALUES (931, 'Burbusay', 288);
INSERT INTO `parishes` (`id`, `name`, `municipality_id`) VALUES (932, 'General Rivas', 288);
INSERT INTO `parishes` (`id`, `name`, `municipality_id`) VALUES (933, 'Guaramacal', 288);
INSERT INTO `parishes` (`id`, `name`, `municipality_id`) VALUES (934, 'Vega De Guaramacal', 288);
INSERT INTO `parishes` (`id`, `name`, `municipality_id`) VALUES (935, 'Monseñor Jauregui', 288);
INSERT INTO `parishes` (`id`, `name`, `municipality_id`) VALUES (936, 'Rafael Rangel', 288);
INSERT INTO `parishes` (`id`, `name`, `municipality_id`) VALUES (937, 'San Miguel', 288);
INSERT INTO `parishes` (`id`, `name`, `municipality_id`) VALUES (938, 'San Jose', 288);
INSERT INTO `parishes` (`id`, `name`, `municipality_id`) VALUES (939, 'Andre Linares', 289);
INSERT INTO `parishes` (`id`, `name`, `municipality_id`) VALUES (940, 'Chiquinquira', 289);
INSERT INTO `parishes` (`id`, `name`, `municipality_id`) VALUES (941, 'Cristobal Mendoza', 289);
INSERT INTO `parishes` (`id`, `name`, `municipality_id`) VALUES (942, 'Cruz Carrillo', 289);
INSERT INTO `parishes` (`id`, `name`, `municipality_id`) VALUES (943, 'Matriz', 289);
INSERT INTO `parishes` (`id`, `name`, `municipality_id`) VALUES (944, 'Monseñor Carrillo', 289);
INSERT INTO `parishes` (`id`, `name`, `municipality_id`) VALUES (945, 'Tres Esquinas', 289);
INSERT INTO `parishes` (`id`, `name`, `municipality_id`) VALUES (946, 'Monte Carmelo', 290);
INSERT INTO `parishes` (`id`, `name`, `municipality_id`) VALUES (947, 'Buena Vista', 290);
INSERT INTO `parishes` (`id`, `name`, `municipality_id`) VALUES (948, 'Santa Maria Del Horcon', 290);
INSERT INTO `parishes` (`id`, `name`, `municipality_id`) VALUES (949, 'Carvajal', 291);
INSERT INTO `parishes` (`id`, `name`, `municipality_id`) VALUES (950, 'Antonio Nicolas Briceño', 291);
INSERT INTO `parishes` (`id`, `name`, `municipality_id`) VALUES (951, 'Campo Alegre', 291);
INSERT INTO `parishes` (`id`, `name`, `municipality_id`) VALUES (952, 'Jose Leonardo Suarez', 291);
INSERT INTO `parishes` (`id`, `name`, `municipality_id`) VALUES (953, 'Carache', 292);
INSERT INTO `parishes` (`id`, `name`, `municipality_id`) VALUES (954, 'Cuicas', 292);
INSERT INTO `parishes` (`id`, `name`, `municipality_id`) VALUES (955, 'La Concepcion', 292);
INSERT INTO `parishes` (`id`, `name`, `municipality_id`) VALUES (956, 'Panamericana', 292);
INSERT INTO `parishes` (`id`, `name`, `municipality_id`) VALUES (957, 'Santa Cruz', 292);
INSERT INTO `parishes` (`id`, `name`, `municipality_id`) VALUES (958, 'Escuque', 293);
INSERT INTO `parishes` (`id`, `name`, `municipality_id`) VALUES (959, 'La Union', 293);
INSERT INTO `parishes` (`id`, `name`, `municipality_id`) VALUES (960, 'Sabana Libre', 293);
INSERT INTO `parishes` (`id`, `name`, `municipality_id`) VALUES (961, 'Santa Rita', 293);
INSERT INTO `parishes` (`id`, `name`, `municipality_id`) VALUES (962, 'Campo Elias', 294);
INSERT INTO `parishes` (`id`, `name`, `municipality_id`) VALUES (963, 'Arnoldo Gabaldon', 294);
INSERT INTO `parishes` (`id`, `name`, `municipality_id`) VALUES (964, 'Santa Apolonia', 295);
INSERT INTO `parishes` (`id`, `name`, `municipality_id`) VALUES (965, 'El Progreso', 295);
INSERT INTO `parishes` (`id`, `name`, `municipality_id`) VALUES (966, 'La Ceiba', 295);
INSERT INTO `parishes` (`id`, `name`, `municipality_id`) VALUES (967, 'Tres De Febrero', 295);
INSERT INTO `parishes` (`id`, `name`, `municipality_id`) VALUES (968, 'Betijoque', 296);
INSERT INTO `parishes` (`id`, `name`, `municipality_id`) VALUES (969, 'La Pueblita', 296);
INSERT INTO `parishes` (`id`, `name`, `municipality_id`) VALUES (970, 'Los Cedros', 296);
INSERT INTO `parishes` (`id`, `name`, `municipality_id`) VALUES (971, 'Jose Gregorio Hernandez', 296);
INSERT INTO `parishes` (`id`, `name`, `municipality_id`) VALUES (972, 'Sabana Grande', 297);
INSERT INTO `parishes` (`id`, `name`, `municipality_id`) VALUES (973, 'Cheregüe', 297);
INSERT INTO `parishes` (`id`, `name`, `municipality_id`) VALUES (974, 'Granados', 297);
INSERT INTO `parishes` (`id`, `name`, `municipality_id`) VALUES (975, 'La Quebrada', 298);
INSERT INTO `parishes` (`id`, `name`, `municipality_id`) VALUES (976, 'Cabimbu', 298);
INSERT INTO `parishes` (`id`, `name`, `municipality_id`) VALUES (977, 'Jajo', 298);
INSERT INTO `parishes` (`id`, `name`, `municipality_id`) VALUES (978, 'La Mesa', 298);
INSERT INTO `parishes` (`id`, `name`, `municipality_id`) VALUES (979, 'Santiago', 298);
INSERT INTO `parishes` (`id`, `name`, `municipality_id`) VALUES (980, 'Tuñame', 298);
INSERT INTO `parishes` (`id`, `name`, `municipality_id`) VALUES (981, 'Pampanito', 299);
INSERT INTO `parishes` (`id`, `name`, `municipality_id`) VALUES (982, 'La Concepcion', 299);
INSERT INTO `parishes` (`id`, `name`, `municipality_id`) VALUES (983, 'Pampanito Ii', 299);
INSERT INTO `parishes` (`id`, `name`, `municipality_id`) VALUES (984, 'No Tiene Parroquia (Capital Yumare)', 300);
INSERT INTO `parishes` (`id`, `name`, `municipality_id`) VALUES (985, 'No Tiene Parroquia (Capital Cocorote)', 301);
INSERT INTO `parishes` (`id`, `name`, `municipality_id`) VALUES (986, 'Capital Veroes', 302);
INSERT INTO `parishes` (`id`, `name`, `municipality_id`) VALUES (987, 'El Guayabo', 302);
INSERT INTO `parishes` (`id`, `name`, `municipality_id`) VALUES (988, 'No Tiene Parroquia (Capital Boraure)', 303);
INSERT INTO `parishes` (`id`, `name`, `municipality_id`) VALUES (989, 'Capital Nirgua', 304);
INSERT INTO `parishes` (`id`, `name`, `municipality_id`) VALUES (990, 'Salom', 304);
INSERT INTO `parishes` (`id`, `name`, `municipality_id`) VALUES (991, 'Temerla', 304);
INSERT INTO `parishes` (`id`, `name`, `municipality_id`) VALUES (992, 'Capital Bruzual', 305);
INSERT INTO `parishes` (`id`, `name`, `municipality_id`) VALUES (993, 'Campo Elias', 305);
INSERT INTO `parishes` (`id`, `name`, `municipality_id`) VALUES (994, 'Capital Peña', 306);
INSERT INTO `parishes` (`id`, `name`, `municipality_id`) VALUES (995, 'San Andre', 306);
INSERT INTO `parishes` (`id`, `name`, `municipality_id`) VALUES (996, 'No Tiene Parroquia (Capital Independencia)', 307);
INSERT INTO `parishes` (`id`, `name`, `municipality_id`) VALUES (997, 'No Tiene Parroquia (Capital Urachiche)', 308);
INSERT INTO `parishes` (`id`, `name`, `municipality_id`) VALUES (998, 'No Tiene Parroquia (Capital Guama)', 309);
INSERT INTO `parishes` (`id`, `name`, `municipality_id`) VALUES (999, 'No Tiene Parroquia (Capital Aroa)', 310);
INSERT INTO `parishes` (`id`, `name`, `municipality_id`) VALUES (1000, 'No Tiene Parroquia (Capital San Pablo)', 311);
INSERT INTO `parishes` (`id`, `name`, `municipality_id`) VALUES (1001, 'No Tiene Parroquia (Capital Sabana De Parra)', 312);
INSERT INTO `parishes` (`id`, `name`, `municipality_id`) VALUES (1002, 'Capital San Felipe', 313);
INSERT INTO `parishes` (`id`, `name`, `municipality_id`) VALUES (1003, 'Albarico', 313);
INSERT INTO `parishes` (`id`, `name`, `municipality_id`) VALUES (1004, 'San Javier', 313);
INSERT INTO `parishes` (`id`, `name`, `municipality_id`) VALUES (1005, 'Jesus Maria Semprum', 314);
INSERT INTO `parishes` (`id`, `name`, `municipality_id`) VALUES (1006, 'Bari', 314);
INSERT INTO `parishes` (`id`, `name`, `municipality_id`) VALUES (1007, 'San Rafael', 315);
INSERT INTO `parishes` (`id`, `name`, `municipality_id`) VALUES (1008, 'La Sierrita', 315);
INSERT INTO `parishes` (`id`, `name`, `municipality_id`) VALUES (1009, 'Las Parcelas', 315);
INSERT INTO `parishes` (`id`, `name`, `municipality_id`) VALUES (1010, 'Luis De Vicente', 315);
INSERT INTO `parishes` (`id`, `name`, `municipality_id`) VALUES (1011, 'Monseñor Marcos Sergio Godoy', 315);
INSERT INTO `parishes` (`id`, `name`, `municipality_id`) VALUES (1012, 'Ricaurte', 315);
INSERT INTO `parishes` (`id`, `name`, `municipality_id`) VALUES (1013, 'Tamare', 315);
INSERT INTO `parishes` (`id`, `name`, `municipality_id`) VALUES (1014, 'Alonso De Ojeda', 316);
INSERT INTO `parishes` (`id`, `name`, `municipality_id`) VALUES (1015, 'Libertad', 316);
INSERT INTO `parishes` (`id`, `name`, `municipality_id`) VALUES (1016, 'Campo Lara', 316);
INSERT INTO `parishes` (`id`, `name`, `municipality_id`) VALUES (1017, 'Eleazar Lopez Contreras', 316);
INSERT INTO `parishes` (`id`, `name`, `municipality_id`) VALUES (1018, 'Venezuela', 316);
INSERT INTO `parishes` (`id`, `name`, `municipality_id`) VALUES (1019, 'El Danto', 316);
INSERT INTO `parishes` (`id`, `name`, `municipality_id`) VALUES (1020, 'Santa Rita', 317);
INSERT INTO `parishes` (`id`, `name`, `municipality_id`) VALUES (1021, 'El Mene', 317);
INSERT INTO `parishes` (`id`, `name`, `municipality_id`) VALUES (1022, 'Jose Cenovio Urribarri', 317);
INSERT INTO `parishes` (`id`, `name`, `municipality_id`) VALUES (1023, 'Pedro Lucas Urribarri', 317);
INSERT INTO `parishes` (`id`, `name`, `municipality_id`) VALUES (1024, 'Libertad', 318);
INSERT INTO `parishes` (`id`, `name`, `municipality_id`) VALUES (1025, 'Bartolome De Las Casas', 318);
INSERT INTO `parishes` (`id`, `name`, `municipality_id`) VALUES (1026, 'Rio Negro', 318);
INSERT INTO `parishes` (`id`, `name`, `municipality_id`) VALUES (1027, 'San Jose De Perija', 318);
INSERT INTO `parishes` (`id`, `name`, `municipality_id`) VALUES (1028, 'La Victoria', 319);
INSERT INTO `parishes` (`id`, `name`, `municipality_id`) VALUES (1029, 'Rafael Urdaneta', 319);
INSERT INTO `parishes` (`id`, `name`, `municipality_id`) VALUES (1030, 'Raul Cuenca', 319);
INSERT INTO `parishes` (`id`, `name`, `municipality_id`) VALUES (1031, 'San Carlos Del Zulia', 320);
INSERT INTO `parishes` (`id`, `name`, `municipality_id`) VALUES (1032, 'Moralito', 320);
INSERT INTO `parishes` (`id`, `name`, `municipality_id`) VALUES (1033, 'Santa Barbara', 320);
INSERT INTO `parishes` (`id`, `name`, `municipality_id`) VALUES (1034, 'Santa Cruz Del Zulia', 320);
INSERT INTO `parishes` (`id`, `name`, `municipality_id`) VALUES (1035, 'Urribarri', 320);
INSERT INTO `parishes` (`id`, `name`, `municipality_id`) VALUES (1036, 'Ambrosio', 321);
INSERT INTO `parishes` (`id`, `name`, `municipality_id`) VALUES (1037, 'Carmen Herrera', 321);
INSERT INTO `parishes` (`id`, `name`, `municipality_id`) VALUES (1038, 'German Rios Linares', 321);
INSERT INTO `parishes` (`id`, `name`, `municipality_id`) VALUES (1039, 'La Rosa', 321);
INSERT INTO `parishes` (`id`, `name`, `municipality_id`) VALUES (1040, 'Jorge Hernandez', 321);
INSERT INTO `parishes` (`id`, `name`, `municipality_id`) VALUES (1041, 'Romulo Betancourt', 321);
INSERT INTO `parishes` (`id`, `name`, `municipality_id`) VALUES (1042, 'San Benito', 321);
INSERT INTO `parishes` (`id`, `name`, `municipality_id`) VALUES (1043, 'Aristides Calvani', 321);
INSERT INTO `parishes` (`id`, `name`, `municipality_id`) VALUES (1044, 'Punta Gorda', 321);
INSERT INTO `parishes` (`id`, `name`, `municipality_id`) VALUES (1045, 'El Rosario', 322);
INSERT INTO `parishes` (`id`, `name`, `municipality_id`) VALUES (1046, 'Donaldo Garcia', 322);
INSERT INTO `parishes` (`id`, `name`, `municipality_id`) VALUES (1047, 'Sixto Zambrano', 322);
INSERT INTO `parishes` (`id`, `name`, `municipality_id`) VALUES (1048, 'Sinamaica', 323);
INSERT INTO `parishes` (`id`, `name`, `municipality_id`) VALUES (1049, 'Alta Guajira', 323);
INSERT INTO `parishes` (`id`, `name`, `municipality_id`) VALUES (1050, 'Elias Sanchez Rubio', 323);
INSERT INTO `parishes` (`id`, `name`, `municipality_id`) VALUES (1051, 'Guajira', 323);
INSERT INTO `parishes` (`id`, `name`, `municipality_id`) VALUES (1052, 'San Francisco', 324);
INSERT INTO `parishes` (`id`, `name`, `municipality_id`) VALUES (1053, 'El Bajo', 324);
INSERT INTO `parishes` (`id`, `name`, `municipality_id`) VALUES (1054, 'Domitila Flores', 324);
INSERT INTO `parishes` (`id`, `name`, `municipality_id`) VALUES (1055, 'Francisco Ochoa', 324);
INSERT INTO `parishes` (`id`, `name`, `municipality_id`) VALUES (1056, 'Los Cortijos', 324);
INSERT INTO `parishes` (`id`, `name`, `municipality_id`) VALUES (1057, 'Marcial Hernandez', 324);
INSERT INTO `parishes` (`id`, `name`, `municipality_id`) VALUES (1058, 'Jose Domingo Rus', 324);
INSERT INTO `parishes` (`id`, `name`, `municipality_id`) VALUES (1059, 'Isla De Toas', 325);
INSERT INTO `parishes` (`id`, `name`, `municipality_id`) VALUES (1060, 'Monagas', 325);
INSERT INTO `parishes` (`id`, `name`, `municipality_id`) VALUES (1061, 'La Concepcion', 326);
INSERT INTO `parishes` (`id`, `name`, `municipality_id`) VALUES (1062, 'Jose Ramon Yepes', 326);
INSERT INTO `parishes` (`id`, `name`, `municipality_id`) VALUES (1063, 'Mariano Parra Leon', 326);
INSERT INTO `parishes` (`id`, `name`, `municipality_id`) VALUES (1064, 'San Jose', 326);
INSERT INTO `parishes` (`id`, `name`, `municipality_id`) VALUES (1065, 'Altagracia', 327);
INSERT INTO `parishes` (`id`, `name`, `municipality_id`) VALUES (1066, 'Ana Maria Campos', 327);
INSERT INTO `parishes` (`id`, `name`, `municipality_id`) VALUES (1067, 'Faria', 327);
INSERT INTO `parishes` (`id`, `name`, `municipality_id`) VALUES (1068, 'San Antonio', 327);
INSERT INTO `parishes` (`id`, `name`, `municipality_id`) VALUES (1069, 'San Jose', 327);
INSERT INTO `parishes` (`id`, `name`, `municipality_id`) VALUES (1070, 'Jose Antonio Chaves', 327);
INSERT INTO `parishes` (`id`, `name`, `municipality_id`) VALUES (1071, 'San Timoteo', 328);
INSERT INTO `parishes` (`id`, `name`, `municipality_id`) VALUES (1072, 'General Urdaneta', 328);
INSERT INTO `parishes` (`id`, `name`, `municipality_id`) VALUES (1073, 'Libertador', 328);
INSERT INTO `parishes` (`id`, `name`, `municipality_id`) VALUES (1074, 'Manuel Guanipa Matos', 328);
INSERT INTO `parishes` (`id`, `name`, `municipality_id`) VALUES (1075, 'Marcelino Briceño', 328);
INSERT INTO `parishes` (`id`, `name`, `municipality_id`) VALUES (1076, 'Pueblo Nuevo', 328);
INSERT INTO `parishes` (`id`, `name`, `municipality_id`) VALUES (1077, 'Encontrados', 329);
INSERT INTO `parishes` (`id`, `name`, `municipality_id`) VALUES (1078, 'Udon Perez', 329);
INSERT INTO `parishes` (`id`, `name`, `municipality_id`) VALUES (1079, 'Concepcion', 330);
INSERT INTO `parishes` (`id`, `name`, `municipality_id`) VALUES (1080, 'Andre Bello', 330);
INSERT INTO `parishes` (`id`, `name`, `municipality_id`) VALUES (1081, 'Chiquinquira', 330);
INSERT INTO `parishes` (`id`, `name`, `municipality_id`) VALUES (1082, 'El Carmelo', 330);
INSERT INTO `parishes` (`id`, `name`, `municipality_id`) VALUES (1083, 'Potreritos', 330);
INSERT INTO `parishes` (`id`, `name`, `municipality_id`) VALUES (1084, 'Bobures', 331);
INSERT INTO `parishes` (`id`, `name`, `municipality_id`) VALUES (1085, 'El Batey', 331);
INSERT INTO `parishes` (`id`, `name`, `municipality_id`) VALUES (1086, 'Gibraltar', 331);
INSERT INTO `parishes` (`id`, `name`, `municipality_id`) VALUES (1087, 'Heras', 331);
INSERT INTO `parishes` (`id`, `name`, `municipality_id`) VALUES (1088, 'Monseñor Arturo Celestino Alvarez', 331);
INSERT INTO `parishes` (`id`, `name`, `municipality_id`) VALUES (1089, 'Romulo Gallegos', 331);
INSERT INTO `parishes` (`id`, `name`, `municipality_id`) VALUES (1090, 'Manuel Manrique', 332);
INSERT INTO `parishes` (`id`, `name`, `municipality_id`) VALUES (1091, 'Rafael Maria Baralt', 332);
INSERT INTO `parishes` (`id`, `name`, `municipality_id`) VALUES (1092, 'Rafael Urdaneta', 332);
INSERT INTO `parishes` (`id`, `name`, `municipality_id`) VALUES (1093, 'Simon Rodriguez', 333);
INSERT INTO `parishes` (`id`, `name`, `municipality_id`) VALUES (1094, 'Carlos Quevedo', 333);
INSERT INTO `parishes` (`id`, `name`, `municipality_id`) VALUES (1095, 'Francisco Javier Pulgar', 333);
INSERT INTO `parishes` (`id`, `name`, `municipality_id`) VALUES (1096, 'Agustin Codazzi', 333);
INSERT INTO `parishes` (`id`, `name`, `municipality_id`) VALUES (1097, 'Antonio Borjas Romero', 334);
INSERT INTO `parishes` (`id`, `name`, `municipality_id`) VALUES (1098, 'Bolivar', 334);
INSERT INTO `parishes` (`id`, `name`, `municipality_id`) VALUES (1099, 'Cacique Mara', 334);
INSERT INTO `parishes` (`id`, `name`, `municipality_id`) VALUES (1100, 'Caracciolo Parra Perez', 334);
INSERT INTO `parishes` (`id`, `name`, `municipality_id`) VALUES (1101, 'Cecilio Acosta', 334);
INSERT INTO `parishes` (`id`, `name`, `municipality_id`) VALUES (1102, 'Cristo De Aranza', 334);
INSERT INTO `parishes` (`id`, `name`, `municipality_id`) VALUES (1103, 'Coquivacoa', 334);
INSERT INTO `parishes` (`id`, `name`, `municipality_id`) VALUES (1104, 'Chiquinquira', 334);
INSERT INTO `parishes` (`id`, `name`, `municipality_id`) VALUES (1105, 'Francisco Eugenio Bustamante', 334);
INSERT INTO `parishes` (`id`, `name`, `municipality_id`) VALUES (1106, 'Idelfonso Vasquez', 334);
INSERT INTO `parishes` (`id`, `name`, `municipality_id`) VALUES (1107, 'Juana De ├Üvila', 334);
INSERT INTO `parishes` (`id`, `name`, `municipality_id`) VALUES (1108, 'Luis Hurtado Higuera', 334);
INSERT INTO `parishes` (`id`, `name`, `municipality_id`) VALUES (1109, 'Manuel Dagnino', 334);
INSERT INTO `parishes` (`id`, `name`, `municipality_id`) VALUES (1110, 'Olegario Villalobos', 334);
INSERT INTO `parishes` (`id`, `name`, `municipality_id`) VALUES (1111, 'Raul Leoni', 334);
INSERT INTO `parishes` (`id`, `name`, `municipality_id`) VALUES (1112, 'Santa Lucia', 334);
INSERT INTO `parishes` (`id`, `name`, `municipality_id`) VALUES (1113, 'Venancio Pulgar', 334);
INSERT INTO `parishes` (`id`, `name`, `municipality_id`) VALUES (1114, 'San Isidro', 334);
INSERT INTO `parishes` (`id`, `name`, `municipality_id`) VALUES (1115, 'Caraballeda', 335);
INSERT INTO `parishes` (`id`, `name`, `municipality_id`) VALUES (1116, 'Carayaca', 335);
INSERT INTO `parishes` (`id`, `name`, `municipality_id`) VALUES (1117, 'Caruao', 335);
INSERT INTO `parishes` (`id`, `name`, `municipality_id`) VALUES (1118, 'Catia La Mar', 335);
INSERT INTO `parishes` (`id`, `name`, `municipality_id`) VALUES (1119, 'El Junko', 335);
INSERT INTO `parishes` (`id`, `name`, `municipality_id`) VALUES (1120, 'La Guaira', 335);
INSERT INTO `parishes` (`id`, `name`, `municipality_id`) VALUES (1121, 'Macuto', 335);
INSERT INTO `parishes` (`id`, `name`, `municipality_id`) VALUES (1122, 'Maiquetia', 335);
INSERT INTO `parishes` (`id`, `name`, `municipality_id`) VALUES (1123, 'Naiguata', 335);
INSERT INTO `parishes` (`id`, `name`, `municipality_id`) VALUES (1124, 'Urimare', 335);
INSERT INTO `parishes` (`id`, `name`, `municipality_id`) VALUES (1125, 'Carlos Soublette', 335);
INSERT INTO `parishes` (`id`, `name`, `municipality_id`) VALUES (1126, 'Atabapo', 2);
INSERT INTO `parishes` (`id`, `name`, `municipality_id`) VALUES (1127, 'Caname', 2);
INSERT INTO `parishes` (`id`, `name`, `municipality_id`) VALUES (1128, 'Casiquiare', 3);
INSERT INTO `parishes` (`id`, `name`, `municipality_id`) VALUES (1129, 'Cocuy', 3);
INSERT INTO `parishes` (`id`, `name`, `municipality_id`) VALUES (1130, 'Solano', 3);
INSERT INTO `parishes` (`id`, `name`, `municipality_id`) VALUES (1131, 'Sipapo', 5);
INSERT INTO `parishes` (`id`, `name`, `municipality_id`) VALUES (1132, 'Munduapo', 5);
INSERT INTO `parishes` (`id`, `name`, `municipality_id`) VALUES (1133, 'Isla Ratón', 5);
INSERT INTO `parishes` (`id`, `name`, `municipality_id`) VALUES (1134, 'La Esmeralda', 7);
INSERT INTO `parishes` (`id`, `name`, `municipality_id`) VALUES (1135, 'Marawaka', 7);
INSERT INTO `parishes` (`id`, `name`, `municipality_id`) VALUES (1136, 'Mavaka', 7);
INSERT INTO `parishes` (`id`, `name`, `municipality_id`) VALUES (1137, 'Sierra Parima', 7);
INSERT INTO `parishes` (`id`, `name`, `municipality_id`) VALUES (1138, 'Bajo Ventuari', 8);
INSERT INTO `parishes` (`id`, `name`, `municipality_id`) VALUES (1139, 'Manapiare', 8);
